id,request_id,decision_id,created_at,ticker,action,quantity,price,commission,status,kelly_fraction,reasoning,ibkr_order_id,filled_at,fill_price,outcome,outcome_pnl
28,b81280f2-5926-447a-8c4b-c272808019f6,28,2026-04-21 14:01:01.195475+00,FOUR,SELL,2,48.83,,rejected,,FOUR position has declined 18% with no catalyst realization. The thesis has not played out and the position is a portfolio drag. Default action is to sell when stop-loss is breached and no new fundamental evidence supports holding.,,,,,
1,a5194ccd-91ac-4fb1-a53f-d6629e996b01,1,2026-02-19 18:37:56.888795+00,IPI,BUY,3,33.17,1,filled,0.2148936170212766,"TIER 2 CONVICTION — Fortress balance sheet with asymmetric upside. Thesis: Intrepid Potash (IPI) is the only domestic potash producer with unique langbeinite production gaining market share after Mosaic exited operations. Net cash position $73.5M vs total debt $3.7M — zero leverage risk. Lithium extraction partnership at Wendover without major capex investment. XTO drilling rights on 22K NM acres could yield $50-150M in royalties. Gate City Capital Management $49 target (+47% upside).

SOURCES CONFIRMING: (1) Yellowbrick Elite — Gate City Capital Management, added to position Jan 27, $49 target. (2) Internal balance sheet analysis: $77M cash, $3.7M debt = net cash fortress. (3) Potash market share gains post-Mosaic exit confirmed in financials.

ENTRY RATIONALE: Price $33.17, down -1.01% today near day low $33.02. Slight softening improves entry. 52-week range $20.86-$39.01 — currently in upper third but well below 52wk high. Market cap $445M vs $371M EV (after netting $73.5M cash). TTM EBITDA ~$38M = 9.7x EV/EBITDA — not cheap on earnings but fortress balance sheet justifies premium.

POSITION SIZING: 10% of $500 = $50. Buys ~1.51 shares (fractional supported). Commission $1 = 2% one-way, 4% round-trip. This is material on a $50 position but expected gain is $23.50 (47% of $50). Commission $2 round-trip = 8.5% of expected gain — ABOVE 5% threshold on this small a position.

COMMISSION ANALYSIS: On $50 position with 47% upside, round-trip commission drag is $2/$23.50 = 8.5%. This exceeds our 5% guideline. RECOMMENDATION: Increase to 15% position ($75) to reduce drag. $75 at 47% = $35.25 expected gain. $2/$35.25 = 5.7% — still slightly high but more acceptable, or 20% ($100) = $47 expected gain, $2/$47 = 4.3% drag = ACCEPTABLE.

REVISED: Recommending 15% ($75) for IPI. Commission drag 5.7% marginally acceptable given fortress balance sheet downside protection.

FALSIFICATION CRITERIA:
1. Cash position must stay above $50M (currently $77M) — if burning cash rapidly, exit
2. Potash average price must not collapse below $200/ton (current market supports volumes)
3. Lithium extraction partnership must show technical progress within 6 months
4. XTO drilling must not be permanently blocked by regulatory action
5. No dilutive equity raise that destroys per-share value

WHAT WOULD NOT INVALIDATE: Commodity price weakness in one quarter. Iran-driven input cost pressure. Small quarterly FCF swings.",,2026-02-19 18:37:56.888795+00,33.17,,
2,6c865771-303d-4a51-8224-9fc8b92c3b9c,2,2026-02-19 18:38:36.13046+00,FOUR,BUY,2,58.76,1,filled,0.2444444444444445,"HIGHEST CONVICTION — parameters calibrated to half-Kelly under 25% hard limit. Shift4 Payments: integrated payments at ~11x TTM EBITDA vs Toast 24x. Founder 30% ownership, $1B buyback active, Global Blue acquisition closed Q3 2025 driving gateway-to-full-stack conversion pipeline. Q3 2025 FCF $272M validates real cash generation. Greystone Capital $155 target = 162% upside at $58.76 entry. Multi-source confirmed: Yellowbrick Elite (Greystone/Pound the Rock Investing) + independent fundamental analysis.

Price $58.76, 11.6% above 52-week low $52.65. Healthy 4-day consolidation after 9% breakout. Volume 1.06M confirms institutional participation. Win probability set conservatively at 0.55 to reflect: (1) entry not at optimal $54.33, (2) Iran geopolitical risk-off macro headwind, (3) net debt $3.28B (3.5x post-Global-Blue EBITDA — manageable but real).

Loss scenario set at 22%: a move to ~$46 (below 52wk low) would indicate fundamental deterioration rather than temporary weakness.

FALSIFICATION CRITERIA (thesis invalidated if):
1. FCF is zero or negative in Q4/FY2025 — apply SLVM lesson immediately
2. Payment volume growth turns negative YoY
3. $1B buyback suspended or cancelled
4. Global Blue shows no gateway conversion progress within 2 quarters
5. Net debt exceeds 5x EBITDA

DOES NOT INVALIDATE THESIS: Price decline while fundamentals hold. Iran-driven risk-off. Market correction.",,2026-02-19 18:38:36.13046+00,58.76,,
3,bf3e416f-8293-4e74-a6d6-35ad3c54cd5d,3,2026-02-19 19:14:32.483513+00,DMLP,BUY,3,25.47,1,filled,0.185,"DMLP oil royalty LP: Zero capex, $130M TTM FCF, 10.6% yield, net cash $40.8M. Iran crisis direct tailwind on oil prices. 5 insiders bought $1.63M at $22.95 (now +10.9%). 9.5x P/FCF for zero-capex royalty is cheap. Target $30 (conservative retest vs $32.47 52-wk high) = 17.8% upside. Commodity binary risk from Iran resolution. Small starter position given binary event risk around Iran decision (~March 1). FALSIFICATION: WTI below $55, 2+ quarters of declining distributions, overpriced royalty acquisition.",,2026-02-19 19:14:32.483513+00,25.49,,
29,0a63b2a1-61f0-4d50-b5cf-60353b2c7b19,29,2026-04-21 14:01:17.871281+00,IPI,SELL,2,35.53,,rejected,,"IPI concentration exceeds 20% maximum risk limit (currently 21.1%). Trim to target 12.5-20% position size to reduce portfolio concentration risk. This is a risk management action, not based on thesis invalidation.",,,,,
4,5bf429ce-13ad-4884-9abe-64db263ae1fe,4,2026-02-20 16:02:37.502656+00,RAL,BUY,1.6391,44.5,,rejected,0.14642857142857144,"RALLIANT CORP — Defense precision instruments, 7.1% FCF yield, 15% revenue growth, Iran defense tailwind.

THESIS:
RAL is a precision instruments and sensors company for defense, space, and test/measurement applications. It IPO'd June 2025 (spun from Fortive). After a large Q4 goodwill impairment ($1.41B) the market sold the stock from $57 highs. But operations are FINE: Q4 operating income $73.9M, Q4 FCF $91.6M, TTM FCF $358.4M.

VALUATION:
- Market cap: $5.01B
- Net debt: $830M (reduced from $996M Q1 to $830M Q4 — actively deleveraging)
- EV: $5.84B
- TTM FCF: $358.4M → FCF yield = 7.1%
- EV/FCF = 16.3x — reasonable for 15% revenue growth defense business
- Revenue trend: $481.8M → $503.3M → $529.1M → $554.6M = +15.2% YoY

CATALYSTS:
1. Iran military escalation (10-15 day decision) = direct revenue tailwind (precision targeting, sensors, space surveillance)
2. Defense budget expansion — US military buildup underway with 2 carriers, jets, refueling tankers
3. Post-impairment goodwill normalization — market will re-rate once it absorbs that operations weren't impaired
4. Deleveraging story: net debt falling $167M in 12 months organically

INSIDER SIGNAL:
6 insiders bought $511K at $40.45 on Feb 10, 2026 — current price $44.46 = already +9.9%. This was 8 months post-IPO (lockup expired). DISCRETIONARY buying. This is genuine conviction.

POSITION SIZING:
10% of $500 portfolio = $50. At $44.46, buys ~1.12 shares. Commission $1 minimum = 2% drag one way, 4% round-trip. Expected gain 35% x $50 = $17.50. Commission drag $2/$17.50 = 11.4% — ABOVE 5% threshold. To fix: use 15% position ($75). Then $26.25 expected gain. $2/$26.25 = 7.6% — still high but RAL has compelling fundamentals. Alternatively, given we have 3 positions already proposed (may not have executed), size this small at 10%.

NOTE: Portfolio shows $329.59 cash with 0 confirmed positions. If prior 3 trades execute, we'd have ~$168 deployed and $329 cash. Adding $50 RAL would bring to ~$218 deployed (~44% of portfolio). Still within risk limits.

WIN SCENARIO (55%): RAL re-rates to $60 on defense budget expansion and operating performance. 35% upside. 
LOSS SCENARIO: Iran deal reached, defense sentiment reverses, RAL trades back to $37 (near 52-wk low). 20% downside.",,,,,
5,b8f1fd0f-cdfc-411d-86a3-c92cf77e5167,5,2026-02-20 16:02:43.800733+00,IPI,BUY,3.6995,32.53,,rejected,0.2416,"Intrepid Potash — Tier 2. Fortress balance sheet ($77.2M cash vs $3.7M total debt = $73.5M net cash). Market cap $439M, EV $366M. EV/EBITDA ~9.7x TTM. Gate City Capital $49 target (+50% from $32.70). Unique langbeinite production gaining market share post-Mosaic exit. Lithium extraction partnership at Wendover (no major capex). XTO deal optionality $50-150M. 22K NM acres worth $100M+ at comps. Today's -2.5% move is sector weakness from MOS (potash peer down same %) — not a thesis break. Fortress balance sheet means no existential risk even in commodity downturn. Iran escalation adds supply chain tension benefiting commodity names. Commission: $1 min on ~$49.80 = 2.0% drag. At lower end of acceptable. Sizing 10% = $49.80.",,,,,
30,a7137abb-c311-4f06-a9e1-1b5f27a216b3,30,2026-04-21 14:01:57.145845+00,FOUR,SELL,2,49.11,,rejected,,FOUR position has declined 18% with no catalyst realization. The thesis has not played out and the position is a portfolio drag. Default action is to sell when stop-loss is breached and no new fundamental evidence supports holding.,,,,,
6,55aadd2a-dda7-4405-8eb5-beb7d38153e9,6,2026-02-20 16:02:50.328637+00,DMLP,BUY,4.0292,25.22,,rejected,0.204,"Dorchester Minerals — pure royalty LP. Zero capex, zero employees (27 total), $130M TTM FCF, $40.8M net cash. 10.6% FCF yield at $25.29. 10.9% distribution yield. 5 insiders bought $1.63M at $22.95 (Feb 11) = now +10.2% for those insiders. Direct Iran escalation beneficiary — Hormuz closure scenario sends WTI to $80-85, each $1/bbl = ~$3M more annual FCF = ~$0.06 more distribution/unit. Full military deployment now confirmed (2 carriers). Today's -2.4% is noise vs binary March 1 event. Commission: $1 min on ~$24.90 = 4.0% drag (borderline). Sizing 5% = $24.90 given yield-play nature and smaller upside vs FOUR. Will accept 4% commission drag given Iran binary event timing and pure royalty model quality.",,,,,
31,b93929b2-dfd2-42fc-832b-4acde0699348,31,2026-04-21 14:02:16.435355+00,IPI,SELL,2,35.625,,rejected,,"IPI concentration exceeds 20% maximum risk limit (currently 21.1%). Trim to target 12.5-20% position size to reduce portfolio concentration risk. This is a risk management action, not based on thesis invalidation.",,,,,
7,d7306cb5-1d37-4d86-8cab-1029b9012a9d,7,2026-02-20 16:03:30.754982+00,FOUR,BUY,2.0499,59.13,,rejected,0.24333333333333332,"Shift4 Payments — Tier 1 highest conviction, conservative parameter calibration for position size compliance. At $59.25, day 6 post-breakout with strong institutional volume. 7x TTM EBITDA vs Toast 24x. Founder 30% ownership, $1B buyback active ($148M executed H1 2025). TTM FCF $499M confirmed. Q4 FY2025: revenue $887M, FCF $89M — validates FCF quality. Greystone Capital $155 target. Integrated payments — insulated from Iran geopolitical risk-off pressure. Multi-source confirmation across Yellowbrick elite, fundamentals analysis, FCF quality check. Win probability set conservatively at 0.58 to respect 25% position limit — actual fundamental conviction is higher, but sizing discipline is paramount. Commission: $1 min.",,,,,
26,02142c3e-1177-4152-b9ec-0b3c74319b01,26,2026-04-17 14:03:39.359637+00,RILY,BUY,12,7.66,,rejected,0.378125,"RILY is a Substack HIGH conviction pick with 25% BW ownership, diversified financial business, and attractive valuation. Current price $7.64 is 30% below 52-week high and offers significant upside to estimated NAV. 12 shares costs $91.68, fitting within available cash of $92.60 while establishing meaningful exposure.",,,,,
32,bbdc7d8e-0cb6-4f1a-9def-2afe947b7f65,32,2026-04-21 14:02:23.990945+00,FOUR,SELL,2,49.07,,rejected,,FOUR position has declined 18% with no catalyst realization. The thesis has not played out and the position is a portfolio drag. Default action is to sell when stop-loss is breached and no new fundamental evidence supports holding.,,,,,
33,373202c7-a347-4abf-b71b-5ec8eb5a0e9a,33,2026-04-21 14:02:31.439498+00,BUR,BUY,26,4.9,,rejected,0.32142857142857145,"BUR trades at 40% discount to book value ($4.88 vs $8.13), representing significant margin of safety. Legal finance business has durable moat and asymmetric upside if litigation portfolio performs well. Insider sentiment not available but valuation discount is extreme and supported by fundamentals.",,,,,
39,bd047207-0e05-43d3-9f29-9e8a53fde518,39,2026-04-24 14:01:49.297656+00,GPN,BUY,2,67.34,,rejected,0.29,"GPN trading at 5x P/E vs 25x historical, representing a massive valuation gap. Q4 2025 showed $217M net income and $340M EBITDA. No earnings date found, reducing near-term risk. The 20% FCF yield is compelling and the $6.5B buybacks provide additional support.",,,,,
8,5fd55675-f71d-4794-bcd8-fb26fcd2f2cc,8,2026-02-20 20:02:49.298414+00,RAL,BUY,2,43.56,0.8712,filled,0.2210526315789474,"Ralliant Corp (RAL) is a precision instruments/defense company spun off from Fortive (IPO June 2025). Core thesis: 7.3% FCF yield ($358M TTM / $4.91B mkt cap) on a business with 15.2% YoY revenue growth ($481M→$554M in 4 quarters), net debt declining ($997M→$830M in 3 quarters), and direct defense tailwind. Q4 net loss of -$1.39B was entirely non-cash goodwill impairment; operating income was +$73.9M and FCF was $91.6M. Post-impairment goodwill stands at $1.672B — further impairments possible but unlikely at this level. 6 insiders bought $512K at $40.45 on Feb 10 (confirmed post-lockup discretionary buying); stock now $43.50 = +7.5% already. SCOTUS tariff ruling (today) is mildly positive for RAL's precision component inputs. Iran deal signal softens immediate defense catalyst slightly but RAL's revenue is from long-cycle DoD procurement programs (not Iran-war-dependent). Target: $60 = 13.8x TTM FCF (fair for defense precision instruments growing 15% with improving balance sheet). At $43.50, buying at 12.2x TTM FCF with 7.3% FCF yield. Commission on $50 position: $1 minimum = 2% drag, acceptable. Portfolio sizing: $50 = 10% of $496 portfolio = 1.15 shares. Total deployed after this: $50 RAL + $76 DMLP + $118 FOUR + $99 IPI = $343 = 69% deployed, $153 cash remaining. Within limits.",30,2026-02-20 20:02:54.413719+00,43.56,,
34,fb60ea36-f66c-4d90-bb5a-f5551f94f0df,34,2026-04-21 16:16:20.199034+00,IPI,SELL,2,35.935,,rejected,,"Critical concentration breach: IPI at 21.1% exceeds 20% maximum position size. Hormuz escalation creates additional energy volatility risk. Trimming from 6 to 4 shares reduces position to ~14% (within limits) and raises cash from dangerous 1.47% level. This is a risk management trim, not a thesis change.",,,,,
9,1dc73711-0a27-433e-ac37-f426bb7a16be,9,2026-03-11 16:01:38.012084+00,SKWD,BUY,2,45,,rejected,0.2632438478747204,"ENTRY TRIGGER ACTIVATED: SKWD at $44.93, below the $45 threshold set in thesis ID 6. Thesis: Skyward Specialty Insurance (specialty P&C) at 10.45% operating income yield ($209M TTM / $1.998B mktcap). Net income yield 7.97% ($159M TTM). Revenue +43% YoY. Hard market tailwind: Iran war elevates specialty marine, aviation, war-risk premiums. 3 insiders bought $1.42M at $47.00 on March 2 — now 4.6% ABOVE current price (insiders are underwater, a stronger conviction signal). Target $65 = 14x TTM net income, peers trade 15-20x. Stop $40 = 52wk low support. SIZING CONSERVATIVE: 1 share (~$45) due to earnings date UNKNOWN — cannot risk entering large ahead of potential earnings. Commission: $1.00 on $44.93 = 2.2% drag on 1-share position. Still acceptable given 44.7% upside target. Kelly-derived size would be larger but earnings risk warrants minimum foothold position. Cash after trade: ~$70 remaining (1 share ~ $45 out of $114.87 cash).",,,,,
36,4c71954f-ac2e-4e5a-b54c-95422a9a1d93,36,2026-04-23 14:01:18.280627+00,FOUR,SELL,2,48.93,0.982609,filled,,Position has underperformed by -17.92% with no near-term catalyst to reverse the trend. Capital would be better deployed to higher-conviction opportunities like BUR at 41% book value discount with strong catalysts. FOUR has been a significant portfolio drag.,90,2026-04-23 14:01:23.713926+00,49.01,,
37,893c725d-2477-40ea-99fc-630a63d7a36c,37,2026-04-23 14:01:33.770153+00,IPI,SELL,2,37.41,0.746662,filled,,"Concentration risk management - IPI position is 21.91% of portfolio, exceeding the 20% maximum limit. Reducing to ~15% aligns with target position sizing and risk management requirements.",94,2026-04-23 14:01:38.606347+00,37.2369,,
10,ea910ce1-f944-4440-8652-c362be701596,10,2026-03-12 14:01:14.564765+00,SKWD,BUY 1 SHARE,2,45.5297,,rejected,0.2575862068965517,"SKWD entry trigger activated: day low touched $44.50, below our $45 threshold. TTM operating income $216.4M / $2.014B mktcap = 10.75% yield — the highest operating income yield of any candidate on watchlist. Net income yield 8.4%. Revenue +43% YoY. Hard market specialty P&C insurer: war environment directly benefits marine/aviation/war-risk lines. 3 insiders bought $1.42M at $47.00 on Mar 2, now 4.1% underwater (insiders more committed, not less). Balance sheet: $2.025B investment portfolio, minimal debt ($2.3M interest expense). Target $65 = 43.5% upside (prior 52wk high). Stop loss $40 = 12% downside = 11.7% below 52wk low $42.45. Sizing: 1 share (~$45) = 0.89% of portfolio. Earnings date UNKNOWN = conservative 1-share sizing per our rule. Commission: $1.00 minimum on $45 position = 2.2% round-trip drag vs 43.5% expected gain = acceptable. Kelly fraction: (0.62 * 0.435 - 0.38 * 0.12) / 0.435 = 23% of portfolio recommended, capping at $45 (1 share) given unknown earnings date.",,,,,
11,53c6b769-db91-4259-9d73-486ded78950b,11,2026-03-12 17:29:01.349089+00,IPI,SELL,1,49.24,0.49127,filled,0.32500000000000007,"MANDATORY RISK MANAGEMENT TRIM — not a thesis exit. IPI has surged to $49.21 (+46.6% from $33.56 cost), new all-time high $50.31 intraday. At 3 shares x $49.21 = $147.63 / ~$522 portfolio = 28.2% — above the 25% hard cap. Pre-committed trim at $48-49. Thesis intact. After selling 1 share: 2 shares remain for $55 target. Locking +$15.65/share gain on sold share.",37,2026-03-12 17:29:06.688765+00,49.1075,,
12,0e13b72b-3ef0-4c42-b5ba-8b0eeee31666,12,2026-03-16 14:02:46.688577+00,SKWD,buy,2,45.715,,rejected,0.24214285714285713,"Skyward Specialty Insurance (SKWD) is a high-quality specialty P&C insurer at 10.3% TTM operating income yield ($209M / $2.03B mktcap) and 7.84% TTM net income yield — clearing our 7%+ FCF mandate even on strict GAAP. Revenue growing 43% YoY ($1.42B full-year 2025). Zero meaningful debt ($2.3M interest). Three insiders bought $1.42M at $47 on Mar 2 (now 3% premium to current = strong discretionary signal post-Q4). War environment is a DIRECT TAILWIND: specialty marine war-risk, aviation hull, surety premiums all surging with Hormuz closed. Iran war Day 17 ongoing — premium environment remains structurally elevated. Previous trade_id 10 was never filled (IBKR execution issue). Target $65 = 42% upside (prior 52wk high). Downside: hard market reversal or catastrophe loss quarter. Sizing: Kelly conservative at 2 shares given UNKNOWN earnings date (calendar empty, estimated May).",,,,,
13,29b51c83-fd33-40ee-9ba7-27f692b572fb,13,2026-03-17 14:01:40.323649+00,SKWD,buy,2,45.5116,0.9088,filled,0.2764568764568765,"SKWD at $45.51 — HIGH conviction buy. 10.33% TTM operating income yield ($209M/$2.02B mktcap), 7.86% net income yield. Specialty P&C insurer: operating income IS the FCF proxy. Revenue growing 43% YoY. Iran war Day 18 — Ali Larijani killed TODAY = war escalation structurally elevates marine/aviation/war-risk premiums for months. 3 insiders bought $1.42M at $47.00 on Mar 2 (now 3.3% above entry = insiders underwater, strong signal). No meaningful debt. Beta 0.52 defensive. Target $65 = 42.9% upside. Stop at $40 = 11.9% loss. Sizing to 2 shares to stay within 25% position limit ($91 / $506 = 18%).",43,2026-03-17 14:02:15.88376+00,45.44,,
27,cdc2fa80-39b4-4d77-a30c-d6357d129ac0,27,2026-04-17 14:03:51.869895+00,RILY,BUY,10,7.66,0.76786,filled,0.378125,"RILY is a Substack HIGH conviction pick with 25% BW ownership, diversified financial business, and attractive valuation. Current price $7.64 is 30% below 52-week high and offers significant upside to estimated NAV. 10 shares costs $76.40, fitting comfortably within available cash of $92.60 while establishing meaningful exposure.",84,2026-04-17 14:03:57.234639+00,7.6786,,
40,a4d02e14-55c4-4db2-af19-a65f9486ef88,40,2026-04-24 14:02:05.77222+00,GPN,BUY,1,67.19,,rejected,0.29,"GPN trading at 5x P/E vs 25x historical, representing a massive valuation gap. Q4 2025 showed $217M net income and $340M EBITDA. No earnings date found, reducing near-term risk. The 20% FCF yield is compelling and the $6.5B buybacks provide additional support.",,,,,
14,b6fcf3f4-3ebc-46a1-8753-ae95ae9899d7,14,2026-03-25 14:01:42.644929+00,TBPH,buy,4,15.155,0.6052,filled,0.20636363636363636,"TBPH is a post-restructuring special situation with a highly asymmetric risk/reward profile, now actionable with $280.67 cash available. Key thesis pillars all confirmed:

1. DEEP NAV DISCOUNT: $380M+ cash/investments at $770M mktcap = 49.4% cash-to-mktcap. At $15.20/share with ~$7.50/share in cash, we're paying ~$7.70 for the royalty business + pipeline.
2. TRELEGY MILESTONE CONFIRMED: Q4 2025 filing showed $53M other income (TRELEGY milestone received). Cash now ~$380M+. Revenue $45.9M in Q4 vs $20M in Q3 = strong quarter.
3. LAZARD STRATEGIC REVIEW ACTIVE: Investment bank retained for sale/merger process. Timeline Q2-Q3 2026 = within 3-6 months. Acquirer pays cash premium to current NAV.
4. M&A CATALYST STRUCTURE: Pharma acquirers value YUPELRI royalty stream (recurring, growing), Izencitinib pipeline (JAK inhibitor in Phase IIb/III), and cash position. Comparable M&A in specialty pharma at 20-30% premiums to NAV.
5. LIMITED DOWNSIDE: Floor = cash per share ~$7.50. Even if strategic review fails, $380M cash vs $770M mktcap = hard floor. Downside is limited to ~$10 (from $15.20).
6. EARNINGS SAFE: 50 days to May 14 earnings = NO earnings risk on this trade.
7. LOW BETA: Beta 0.107 = virtually uncorrelated to market. True diversifier in Iran war environment.

VALUATION: Bull $21-22 (M&A at 1.4x NAV), Base $17.34 (Clark Street fair value), Bear $11-12 (strategic review fails, cash discount widens). Expected value = 0.62 * $17.34 + 0.38 * $12.00 = $15.31 vs $15.20 current = ENTRY JUSTIFIED with upside skew.

POSITION SIZING: With $280.67 cash, 4 shares at ~$15.20 = $60.80 = 8.4% of portfolio. Appropriate for MEDIUM-HIGH conviction special situation. Leaves $220 cash for further opportunities.",50,2026-03-25 14:01:47.789496+00,15.13,,
35,38c19652-c1e2-444a-a27d-c6f38caaa679,35,2026-04-23 14:01:10.812788+00,IPI,SELL,2,37.41,,rejected,,"Concentration risk management - IPI position is 21.91% of portfolio, exceeding the 20% maximum limit. Reducing to ~15% aligns with target position sizing and risk management requirements.",,,,,
15,1c1a5bb9-e461-414e-a7bf-7e1c1e30807f,15,2026-04-06 14:01:11.006742+00,CHH,BUY,1,103.96,1,filled,0.20833333333333337,"CHH meets our 7% FCF yield mandate with 7.43% after-interest yield, has attractive fundamentals (60%+ EBITDA margins, 26% short interest, 40% insider ownership), and is trading at historically cheap 8.0x EV/EBITDA (vs 14x historical average). The only obstacle is timing - the Iran war has created a consumer headwind. With the April 6 deadline approaching, a confirmed ceasefire would remove this headwind, allowing the stock to re-rate to more normal levels. At current $103.96 price, a move to $116-118 (representing 12-14% upside) is reasonable given the valuation gap and short interest potential. Our falsification criteria are clear: if Iran does NOT comply with Trump's April 6 deadline and instead faces escalation, the consumer headwind remains, and we would not execute this trade.",56,2026-04-06 14:01:16.567913+00,103.96,,
16,0bc34273-255c-44ae-8c02-8ee8c2d50b8a,16,2026-04-06 14:01:18.391396+00,SLVM,BUY,1,42.14,,stale,-0.085,"SLVM's current valuation is attractive (5.45x EV/EBITDA) but its FCF generation remains the critical flaw - full-year 2025 FCF was only $6M (0.36% yield vs our 7% mandate), with Q2 2025 FCF actually negative at -$77M. The management target of $300M FCF by 2027 represents a 50x increase from current levels that appears increasingly unrealistic given the execution challenges. Without evidence of FCF improvement in the upcoming May 8, 2026 earnings report, there's no basis for action. However, we maintain a watch to monitor this critical catalyst, as a positive surprise would fundamentally change the investment case.",,,,,
17,1898fdb8-7b6d-474d-8764-af67799148a4,17,2026-04-13 14:00:57.761432+00,AENT,BUY,24,7.12,,rejected,0.25625,"AENT trades at an attractive 6x EV/EBITDA valuation with strong fundamentals: $368M Q2 revenue, $9.4M net income, and $18.4M EBITDA. The vinyl resurgence provides a clear catalyst, and the company is well-positioned in entertainment distribution. With 38 days until earnings (May 21), the timing is optimal for entry. The insider ownership and industry tailwinds support long-term value creation.",,,,,
18,15645b29-b1cd-4643-b270-b239c41efefa,18,2026-04-14 14:00:41.477573+00,AENT,BUY,26,6.98,1,filled,0.275,AENT is undervalued at 6x EV/EBITDA with strong vinyl tailwinds and 37-day earnings catalyst. Q2 financials show solid $368.7M revenue and $9.4M net income. Vinyl industry growth provides durable tailwind. The 0.40 beta makes it defensive in current market environment.,62,2026-04-14 14:01:16.791231+00,7.08,,
19,958dc762-cd7c-4a49-ad6c-d258831d01d2,19,2026-04-15 14:00:55.14053+00,AENT,SELL,4,6.98,0.272138,filled,0.35,"AENT position has grown to 17.7% of portfolio, exceeding target 12.5% and approaching 20% maximum. Trimming to ~15% ($153.64) aligns with rebalancing rules and manages risk while maintaining core position. Current price $6.98 remains attractive with 36 days to earnings catalyst.",68,2026-04-15 14:01:00.387633+00,6.77,,
20,0f75084b-d30b-4a71-a74d-781e34d279d1,20,2026-04-16 14:01:23.221247+00,DMLP,BUY,6,28.1,,rejected,0.30833333333333335,"DMLP is a direct beneficiary of the Strait of Hormuz blockade with oil above $100. The position has strong momentum (+9.1%) and fundamentals, with room to target price of $32.00. Current price $28.10 provides attractive entry point with favorable risk/reward.",,,,,
21,bb4183a8-c19e-4e21-a6cf-fabd383615da,21,2026-04-16 14:01:30.422193+00,IPI,BUY,4,38.41,1,filled,0.2749999999999999,IPI is benefiting from fertilizer demand surge and geopolitical tensions. Current price $38.43 is below $45 target with strong fundamentals. Adding to this position leverages the ongoing crisis.,74,2026-04-16 14:02:05.947629+00,38.46,,
24,e6352a4a-e24e-4ece-a33a-cbcb7188cd47,24,2026-04-17 14:03:16.74033+00,RILY,BUY,15,7.66,,rejected,0.378125,"RILY is a Substack HIGH conviction pick with 25% BW ownership, diversified financial business, and attractive valuation. Current price $7.64 is 30% below 52-week high and offers significant upside to estimated NAV. 15 shares represents ~11% of portfolio, well within position size limits.",,,,,
25,ae292ab2-3615-44d0-857a-eaca71868338,25,2026-04-17 14:03:28.246669+00,RILY,BUY,30,7.66,,rejected,0.378125,"RILY is a Substack HIGH conviction pick with 25% BW ownership, diversified financial business, and attractive valuation. Current price $7.64 is 30% below 52-week high and offers significant upside to estimated NAV. 30 shares represents ~22% of portfolio, well within position size limits and providing meaningful exposure.",,,,,
22,7abbb0d3-b830-4d9d-9f3a-5597fe6a1ed1,22,2026-04-17 14:00:59.318665+00,FOUR,SELL,2,49.5401,,rejected,,FOUR has breached the 20% loss threshold (-19.7%) and shows no catalyst for recovery. Recent financials show declining profitability and no earnings catalyst in near term. The thesis is invalidated and capital should be redeployed to higher-conviction opportunities.,,,,,
23,e6a1a2fe-a81d-4698-8e3f-cf2df526c3f0,23,2026-04-17 14:02:04.856376+00,IPI,SELL,2,35.91,,rejected,,"IPI is currently 21.0% of portfolio, exceeding the 20% maximum position size. This creates excessive concentration risk. The position is down only 3.3% and remains fundamentally sound, but trimming is necessary for portfolio risk management.",,,,,
38,bd2cd735-3eef-4412-9a40-e7c58636f71f,38,2026-04-23 14:01:47.333315+00,BUR,BUY,27,4.625,1,filled,0.35,"BUR is trading at $4.615, representing a 41% discount to book value ($8.13) with strong catalysts including legal finance portfolio value realization and potential spin-off. This is the highest conviction watchlist item per recent analysis. Position sizing to ~12.5% of portfolio aligns with target allocation.",98,2026-04-23 14:01:52.149038+00,4.625,,
41,56efdb7b-f277-4ee9-9694-49dc62a53648,41,2026-04-24 14:02:56.356407+00,GPN,BUY,1,67.21,,rejected,0.325,"GPN trading at 5x P/E vs 25x historical, representing a massive valuation gap. Q4 2025 showed $217M net income and $340M EBITDA. No earnings date found, reducing near-term risk. The 20% FCF yield is compelling and the $6.5B buybacks provide additional support.",,,,,
42,298b33d1-bc1b-4e9f-925b-050555b41023,42,2026-04-29 14:00:52.486358+00,AENT,SELL,4,7.23,,rejected,,Reduce position from 16.3% to ~13% to address concentration risk and portfolio overweight. AENT remains fundamentally sound but position size exceeds target allocation.,,,,,
43,355c34d2-cadd-4362-b9ed-2239a34ca1f8,43,2026-04-29 14:01:00.052996+00,IPI,SELL,4,38.72,1.003966,filled,,"Full exit of IPI due to stale thesis with no catalyst realization in 76 days. Position has been a drag on portfolio performance and capital is better deployed to higher-conviction opportunities like BMI, GPN, or EFOR.",104,2026-04-29 14:01:05.179589+00,38.67,,
44,ccf8c1d2-1a96-4ada-8750-79639d170cf8,44,2026-04-29 14:01:19.794779+00,AENT,SELL,4,7.23,0.293382,filled,,Reduce position from 16.3% to ~13.7% to address concentration risk and portfolio overweight. AENT remains fundamentally sound but position size exceeds target allocation. This 4-share trim meets the $25 minimum trade value requirement ($28.92).,108,2026-04-29 14:01:24.614075+00,7.3,,
45,d497b1b6-98a0-4be6-b0fd-ea95d0f441fd,45,2026-04-30 14:01:06.144243+00,RAL,SELL,2,43.59,,rejected,,RAL is ranked 7th in conviction ranking and has been a drag (-2.34% in portfolio). Portfolio action required explicitly states 'SELL RAL/SKWD post-open'. Current price $43.62 is above stop-loss $36.00 but well below target $52.00 with no catalyst realization. Opportunity cost is high with BMI available at 12.2% insider discount.,,,,,
46,01485ca8-6d69-4d89-b2dc-131fc23d6e65,46,2026-04-30 14:01:13.581473+00,SKWD,SELL,2,44.77,0.903033,filled,,SKWD is ranked 8th in conviction ranking and has been underperforming (-2.28% in portfolio). Portfolio action required explicitly states 'SELL RAL/SKWD post-open'. Current price $44.86 is above stop-loss $35.00 but well below target $52.00 with no catalyst realization. Opportunity cost is high with BMI available at 12.2% insider discount.,114,2026-04-30 14:01:48.825059+00,44.74,,
47,eb6d9582-02b4-4ec5-99cc-088b36152f06,47,2026-04-30 14:02:01.75965+00,RAL,SELL,2,43.48,0.871781,filled,,RAL is ranked 7th in conviction ranking and has been a drag (-2.34% in portfolio). Portfolio action required explicitly states 'SELL RAL/SKWD post-open'. Current price $43.48 is above stop-loss $36.00 but well below target $52.00 with no catalyst realization. Opportunity cost is high with BMI available at 12.2% insider discount.,118,2026-04-30 14:02:06.856388+00,43.48,,
48,e8002923-050c-452a-9fe1-472b0d6a4e07,48,2026-04-30 14:02:20.670576+00,BMI,BUY,1,119.23,1,filled,0.2847222222222222,"BMI is available at $121.75, representing a 12.2% discount to insider purchases at $136. The company has strong fundamentals with $202M Q1 revenue (+15% YoY) and $27M net income. With next earnings 89 days away (low risk), this represents a high-conviction value opportunity with strong insider alignment.",122,2026-04-30 14:02:25.634184+00,119.23,,
49,414cd984-ecb4-46f5-a584-38b6ffb2d1b3,49,2026-05-01 14:01:01.818099+00,CHH,SELL,1,102.27,1.002301,filled,,"CHH thesis is broken due to Q1 earnings miss (EPS $0.44 vs expected). The position has -2.74% unrealized loss and 'NONE' conviction level in active theses. I would not buy CHH today at current price of $102.08, so holding is not justified. This is a clear application of sell discipline - the thesis has been invalidated by evidence.",8,2026-05-01 14:01:06.916486+00,102.07,,
79,d77f9b9a-7406-481c-94aa-5176e547e2be,79,2026-05-15 14:02:17.5046+00,OBE,BUY,6,13.34,0.798618,filled,0.328125,OBE is the most shorted oil producer (34.1% short interest) with GME-like short squeeze potential if Hormuz tensions escalate. Trading at $13.095 with strong oil leverage thesis intact. Hormuz closure continues with 100M barrels lost weekly per Aramco warning. This represents the highest asymmetric opportunity in the energy sector.,82,2026-05-15 14:02:22.50904+00,13.31,,
50,ae1eb1ea-d1a2-40a3-ab76-9d9cd4719378,50,2026-05-01 14:01:22.031977+00,BMI,BUY,1,122.08,1.000003,filled,0.37027027027027026,"BMI is trading at a 10% discount to insider purchase price ($122.37 vs $136+), with strong Q1 2026 fundamentals (10.4% revenue growth, 7.2% net income growth). The company benefits from secular trends in water infrastructure modernization and smart metering adoption. Current position is 11.8% of portfolio, and adding 1 more share would bring it to ~16.5%, which is acceptable given the HIGH conviction level and strong insider alignment. The target price is $145.00, providing 18.5% upside.",12,2026-05-01 14:01:26.835289+00,121.83,,
86,f51d60e0-3c36-4542-acec-7d39e7dc2669,86,2026-05-18 14:03:34.215374+00,POOL,BUY,1,176.27,1.000003,filled,0.385,"POOL is a resilient consumer discretionary company in the pool products sector. Q1 2026 revenue $1.14B, net income $53.2M (EPS $1.46). The company has strong insider support with $7.67M in insider buying, indicating management confidence in the business. Trading at a reasonable valuation, this represents a quality value opportunity.",108,2026-05-18 14:03:38.967554+00,175.98,,
51,9a0de41f-cb1c-469f-940c-90db0bcfa15b,51,2026-05-01 14:01:41.090707+00,SU,BUY,2,66.75,1.000006,filled,0.2916666666666667,"SU is a stable, large-cap integrated oil company benefiting from structural oil market changes (UAE OPEC exit, Hormuz blockade). With Q4 2025 net income $1.48B and EPS $1.23, SU has consistent earnings and a solid dividend yield (~2.5%). Adding SU provides diversified oil exposure that complements the existing DMLP position and addresses the TOP PRIORITY oil sector analysis need.",16,2026-05-01 14:01:45.822518+00,66.77,,
87,2fdb4140-c3c0-464e-9092-f609d4b74e6d,87,2026-05-18 14:03:53.939979+00,RILY,BUY,5,9.22,,rejected,0.375,"RILY is our top-performing position (+15% alpha) with strong fundamentals. Q1 2026 revenue $450.6M, net income $213.3M (EPS $6.98). This represents a quality business at a cheap valuation (P/E ~1.3x). Adding to our winner makes sense given its strong performance and fundamentals.",,,,,
88,45e24476-e3d5-4cac-b84d-9dbb0c0cf1d4,88,2026-05-18 14:04:06.834315+00,RILY,BUY,5,9.25,,rejected,0.375,"RILY is our top-performing position (+15% alpha) with strong fundamentals. Q1 2026 revenue $450.6M, net income $213.3M (EPS $6.98). This represents a quality business at a cheap valuation (P/E ~1.3x). Adding to our winner makes sense given its strong performance and fundamentals.",,,,,
52,ddf4a9d6-b09c-4a35-9f5f-b9b5771a4648,52,2026-05-04 14:01:13.332222+00,BMI,SELL,1,121.45,,stale,,"BMI concentration exceeds 20% limit (currently 23.5%). Trim to reduce concentration risk while maintaining thesis exposure. Current price $121.505 is still 11% below insider purchase price of $136+, maintaining the core thesis. The position remains fundamentally strong with Q1 2026 revenue growth and margin expansion.

[2026-05-06 cleanup] Trade never reached IBKR — trading-service FD leak (file_io.py mkstemp). Service restored after fix; this trade was not retried. Agent should re-evaluate from scratch.",,,,system_error,
53,29a2de47-adfa-4bc5-a070-2536e50c2126,53,2026-05-04 14:02:35.518499+00,BMI,SELL,1,122.055,,stale,,"BMI concentration exceeds 20% limit (currently 23.5%). Trim to reduce concentration risk while maintaining thesis exposure. Current price $121.505 is still 11% below insider purchase price of $136+, maintaining the core thesis. The position remains fundamentally strong with Q1 2026 revenue growth and margin expansion.

[2026-05-06 cleanup] Trade never reached IBKR — trading-service FD leak (file_io.py mkstemp). Service restored after fix; this trade was not retried. Agent should re-evaluate from scratch.",,,,system_error,
54,92c25cd0-bf5b-49d1-af44-9ef18b053e60,54,2026-05-04 14:03:49.07839+00,OBE,BUY,9,14.1,,stale,0.3125,"OBE is a small-cap oil producer with significant upside in the current oil crisis. Current price $14.19 is near 52-week high, and the company benefits directly from high oil prices. As a Western Canada producer, it has low breakeven costs and high operating leverage to oil prices. Market cap of $955M makes it highly responsive to oil price moves. Position sized to 12.3% of portfolio to align with oil crisis priority and available cash.

[2026-05-06 cleanup] Trade never reached IBKR — trading-service FD leak (file_io.py mkstemp). Service restored after fix; this trade was not retried. Agent should re-evaluate from scratch.",,,,system_error,
55,89de76ce-b732-4674-9823-21368c9ceca8,55,2026-05-04 14:05:06.624039+00,TBPH,SELL,4,16.85,,stale,,"TBPH is identified as a 'stub' position in the data synthesis and should be exited to free up capital for higher-conviction opportunities. The position is relatively small (6.5% of portfolio) and lacks a clear, active thesis. Capital should be redeployed to oil crisis opportunities like OBE which have stronger catalysts and upside potential.

[2026-05-06 cleanup] Trade never reached IBKR — trading-service FD leak (file_io.py mkstemp). Service restored after fix; this trade was not retried. Agent should re-evaluate from scratch.",,,,system_error,
56,deed5e28-dcf9-4950-bd6a-3933af332d17,56,2026-05-05 14:01:08.884279+00,BMI,SELL,1,121.36,,stale,,"BMI concentration risk requires immediate reduction from 23.4% to 11.7% of portfolio. Insider purchase price support at $136+ provides margin of safety, but position size violates risk limits.

[2026-05-06 cleanup] Trade never reached IBKR — trading-service FD leak (file_io.py mkstemp). Service restored after fix; this trade was not retried. Agent should re-evaluate from scratch.",,,,system_error,
57,e3e14d01-6d6a-4a0a-ace8-169098cbd590,57,2026-05-05 14:02:14.482956+00,TBPH,SELL,4,16.995,,stale,,"TBPH is a stub position (6.5% of portfolio) without near-term catalyst. Biotech valuation requires clinical catalysts that aren't imminent. Better capital allocation opportunities exist in oil crisis beneficiaries.

[2026-05-06 cleanup] Trade never reached IBKR — trading-service FD leak (file_io.py mkstemp). Service restored after fix; this trade was not retried. Agent should re-evaluate from scratch.",,,,system_error,
58,5116df17-b6ae-486a-8a25-e2c79dcf19e7,58,2026-05-05 14:03:33.852218+00,SU,BUY,1,68.84,,stale,0.38,"SU is direct beneficiary of Strait of Hormuz blockade. Brent crude trading at $114-126 range creates significant upside. Current position at 13.3% is appropriate and adding 1 share brings it to 19.9% (under 25% limit), providing additional exposure to oil crisis.

[2026-05-06 cleanup] Trade never reached IBKR — trading-service FD leak (file_io.py mkstemp). Service restored after fix; this trade was not retried. Agent should re-evaluate from scratch.",,,,system_error,
59,41de9e12-3307-4182-a8a7-41317ff32ad0,59,2026-05-06 14:00:57.587486+00,BMI,SELL,1,121,,stale,,"BMI concentration risk requires immediate action. Current position at 23.3% exceeds 20% maximum limit. Trim to 15% target to maintain portfolio health and risk management discipline.

[2026-05-06 cleanup] Trade never reached IBKR — trading-service FD leak (file_io.py mkstemp). Service restored after fix; this trade was not retried. Agent should re-evaluate from scratch.",,,,system_error,
60,6baa4d1c-2208-4150-9f41-332794beac99,60,2026-05-06 14:02:03.130266+00,TBPH,SELL,4,16.7,,stale,,"TBPH is a small stub position without clear catalyst. Exit to free capital for higher-conviction opportunities like GPN that can improve benchmark performance.

[2026-05-06 cleanup] Trade never reached IBKR — trading-service FD leak (file_io.py mkstemp). Service restored after fix; this trade was not retried. Agent should re-evaluate from scratch.",,,,system_error,
61,9fb1e500-8f17-41b6-88d2-e22ff214cba7,61,2026-05-07 14:01:16.861654+00,BMI,SELL,1,124.55,,rejected,,"BMI is 24.2% of portfolio, exceeding our 20% hard limit. This creates unacceptable concentration risk. Trimming 1 share reduces exposure to ~12.5% while maintaining thesis position.",,,,,
62,fe920e29-f8ca-477a-8cea-5eae85771957,62,2026-05-07 14:01:28.619771+00,BMI,SELL,2,124.55,1.005511,filled,,"BMI is 24.2% of portfolio, exceeding our 20% hard limit. This creates unacceptable concentration risk. We need to trim to approximately 15% of portfolio.",22,2026-05-07 14:02:03.495906+00,124.16,,
63,3f3a70f6-a0de-43fe-b790-8b3493abf3df,63,2026-05-07 14:02:23.41125+00,TBPH,SELL,4,16.8074,0.674577,filled,,"TBPH is a stub position at 6.5% of portfolio, below our 10% meaningful position threshold. Exiting frees capital for higher-conviction opportunities like GPN (5x P/E value).",26,2026-05-07 14:02:28.487364+00,16.81,,
64,e90285b9-836e-4329-9288-b03280d5ff08,64,2026-05-08 14:01:33.52+00,SU,SELL,1,63.64,,rejected,,"SU position showing concerning divergence from oil price fundamentals despite Brent at $114, with 5.4% decline from entry. Trim reduces exposure to geopolitical uncertainty while maintaining partial position for potential upside.",,,,,
65,c22b48c6-1713-4486-a5a7-8a07712a2e71,65,2026-05-08 14:01:51.80162+00,SU,SELL,1,63.64,0.63836,filled,,"SU position showing concerning divergence from oil price fundamentals despite Brent at $114, with 5.4% decline from entry. Trim reduces exposure to geopolitical uncertainty while maintaining partial position for potential upside.",32,2026-05-08 14:02:26.577583+00,63.685,,
66,101e2430-3539-4e2b-b392-d50f5a193800,66,2026-05-08 14:02:30.864549+00,GPN,BUY,1,68.88,0.689353,filled,0.26,"GPN is trading at 5x P/E with $6.5B buyback planned, $3.4B FCF in 2026, and revenue/EBITDA/EPS up 60% from 2021-2026E. This represents a significant valuation gap versus peers and provides the best opportunity to deploy the portfolio's 44.4% cash position.",36,2026-05-08 14:02:35.843701+00,68.935,,
67,bc998e55-0e40-4d27-b7fc-dc6568c5345a,67,2026-05-13 14:02:33.255134+00,SU,SELL,1,66.8,,rejected,,"SU thesis is broken: persistent divergence from oil fundamentals despite Iran war and Hormuz blockade, consistent Substack sell recommendations, and Q1 beat not moving the stock. Market is pricing in demand destruction or de-escalation. Falsification criteria met: Hormuz remains closed but stock underperforms, indicating thesis invalidation.",,,,,
68,dbbf952e-afb4-479b-ad93-fe11bfc8654f,68,2026-05-13 14:02:50.252031+00,GPN,BUY,2,67.49,1.000006,filled,0.3,GPN is a compelling value opportunity trading at 5x P/E with strong underlying business generating $849M EBITDA in Q1 2026. The $6.5B buyback program is temporarily paused but will resume as leverage improves. This represents the highest-conviction opportunity to deploy our 44% cash drag.,42,2026-05-13 14:03:25.178247+00,67.54,,
78,64624662-f2b7-469f-8a6d-be809d9e75c0,78,2026-05-15 14:01:37.557288+00,BUR,SELL,10,4.69,0.472447,filled,,"Trimming BUR to reduce concentration risk from 19.9% to ~15% of portfolio. BUR has shown earnings volatility (Q4 2025 $37.5M loss vs Q2 2025 $88.3M profit) and is approaching our 20% position limit. This is risk management, not thesis invalidation.",78,2026-05-15 14:02:12.460308+00,4.695,,
69,674fe158-bba8-46aa-a9e7-f9e065353f97,69,2026-05-13 14:03:35.97446+00,SU,SELL,1,66.81,0.669624,filled,,"SU thesis is broken: persistent divergence from oil fundamentals despite Iran war and Hormuz blockade, consistent Substack sell recommendations, and Q1 beat not moving the stock. Market is pricing in demand destruction or de-escalation. Falsification criteria met: Hormuz remains closed but stock underperforms, indicating thesis invalidation.",46,2026-05-13 14:03:40.551898+00,66.805,,
80,6beef781-d1d0-41e7-b8e8-43951a6afffe,80,2026-05-18 14:01:19.177865+00,COGT,SELL,5,32.474,,rejected,,"COGT has no revenue and continues to burn cash ($97M loss in Q1 2026). The thesis of clinical oncology pipeline value has not materialized, and the position has underperformed by -7.7%. With 78 days until next earnings, there's no catalyst to reverse this trend. The position violates our principle of not holding pure burn plays without revenue.",,,,,
70,53343410-5107-4ed3-a179-6365d9fb65c1,70,2026-05-14 14:00:48.534234+00,GPN,SELL,1,67.35,,rejected,,GPN concentration exceeds 20% maximum (currently 20.35% of portfolio). Trim to reduce concentration risk and bring position to ~15% target size. This is pure risk management with no thesis change - the value thesis remains intact.,,,,,
81,8f7d5db8-febf-47e4-ba37-59fabb25cd00,81,2026-05-18 14:01:51.612269+00,COGT,SELL,5,32.41,1.004332,filled,,"COGT has no revenue and continues to burn cash ($97M loss in Q1 2026). The thesis of clinical oncology pipeline value has not materialized, and the position has underperformed by -7.7%. With no near-term catalysts and 78 days until next earnings, there's no reason to hold this pure burn play. The position violates our principle of not holding companies without revenue.",88,2026-05-18 14:02:26.468405+00,32.44,,
71,52a79f99-d4f3-4fdd-9529-962857e8ba34,71,2026-05-14 14:01:05.905396+00,GPN,SELL,1,67.35,0.674484,filled,,GPN concentration exceeds 20% maximum (currently 20.35% of portfolio). Trim 1 share to reduce concentration risk and bring position to ~15% target size. This is pure risk management with no thesis change - the value thesis remains intact.,52,2026-05-14 14:01:40.810949+00,67.29,,
72,f5c89bb9-ffad-4a4e-b13a-9b4ca0014956,72,2026-05-14 14:01:54.704247+00,RILY,BUY,14,8.345,,rejected,0.36666666666666664,"RILY is the portfolio's top performer (+11.2%) and has strong fundamentals (Q1 revenue $450M, net income $213M). It's a M&A/IPO wave beneficiary and has been consistently recommended by Substack. Adding to this high-conviction winner addresses the cash drag and underperformance.",,,,,
82,267082d7-c06c-4caa-afe3-3414553592a1,82,2026-05-18 14:02:30.576291+00,PEW,BUY,67,2.9485,,rejected,0.44,"PEW trades at a 20% discount to cash ($2.905 vs $3.51 cash/share). With $106M cash vs $85M market cap, this represents a classic net-net value opportunity with strong downside protection. The business is growing 15% vs industry -10.6% decline, and $20M buyback is half executed. This is a high-conviction value play with asymmetric upside.",,,,,
73,81d52503-9607-4013-9f84-cdf8d321a866,73,2026-05-14 14:02:09.589875+00,DMLP,BUY,4,27.44,1.000012,filled,0.325,"DMLP has performed well (+3.7%) and benefits directly from the oil crisis. With Aramco warning of critically low fuel stocks and 100M barrels lost weekly from Hormuz closure, DMLP's energy transportation thesis is strongly supported. This deployment addresses the cash drag and underperformance.",60,2026-05-14 14:02:14.347319+00,27.47,,
83,db3b6217-fc20-45f7-9284-ed71891ca562,83,2026-05-18 14:02:40.305734+00,DMLP,SELL,7,27.5,1.005352,filled,,"DMLP represents 19.1% of portfolio, approaching our 20% maximum position size. Given the binary outcome risk from UK military mission to stabilize Hormuz shipping (which could reduce oil premium), trimming this position reduces concentration risk while maintaining oil leverage exposure. The thesis remains valid but the position size is excessive.",96,2026-05-18 14:02:44.836908+00,27.5,,
74,69923f9d-f7b2-44d5-8a76-c1d863a199c0,74,2026-05-14 14:02:33.495202+00,AENT,BUY,10,7.1073,,rejected,0.2749999999999999,AENT has solid fundamentals (Q1 revenue $450M) and is trading near its 52-week low. Adding to this position diversifies the portfolio and addresses the cash drag. The stock has shown positive momentum recently.,,,,,
75,244b94fa-0b93-45a3-accd-58bd8c4ca77c,75,2026-05-14 14:02:45.863254+00,BUR,BUY,15,4.725,0.70944,filled,0.27999999999999997,"BUR has performed well (+1.35%) and operates in the litigation finance space, which benefits from market volatility and uncertainty. Adding to this position diversifies the portfolio and addresses the cash drag.",68,2026-05-14 14:02:50.628495+00,4.7293,,
84,ad7c20ac-8a53-43d9-9913-033080802f55,84,2026-05-18 14:03:05.934461+00,PEW,BUY,66,2.9485,,rejected,0.4708333333333333,"PEW trades at a 20% discount to cash ($2.905 vs $3.51 cash/share). With $106M cash vs $85M market cap, this represents a classic net-net value opportunity with strong downside protection. The business is growing 15% vs industry -10.6% decline, and $20M buyback is half executed. This is a high-conviction value play with asymmetric upside.",,,,,
76,913e8059-92bc-4321-99a5-ef76552075bf,76,2026-05-14 14:03:22.425497+00,COGT,BUY,5,34.98,1.000015,filled,0.275,"COGT has strong clinical oncology pipeline with Bezuclastinib for Systemic Mastocytosis & GIST, with >$3B peak sales estimated. It's a potential M&A target and has been consistently recommended by Yellowbrick. This deployment addresses the cash drag and diversifies the portfolio.",72,2026-05-14 14:03:27.199386+00,34.96,,
85,e7b743ab-f119-46d5-9bbd-63860976bede,85,2026-05-18 14:03:21.492724+00,PEW,BUY,66,2.9485,,rejected,0.4708333333333333,"PEW trades at a 20% discount to cash ($2.905 vs $3.51 cash/share). With $106M cash vs $85M market cap, this represents a classic net-net value opportunity with strong downside protection. The business is growing 15% vs industry -10.6% decline, and $20M buyback is half executed. This is a high-conviction value play with asymmetric upside.",,,,,
77,f9add488-b8bd-47b3-9ad3-7b5c9ab07288,77,2026-05-15 14:01:15.836298+00,BUR,SELL,11,4.71,,rejected,,"Trimming BUR to reduce concentration risk from 19.9% to ~15% of portfolio. BUR has shown earnings volatility (Q4 2025 $37.5M loss vs Q2 2025 $88.3M profit) and is approaching our 20% position limit. This is risk management, not thesis invalidation.",,,,,
89,d8d4bd0f-dd5c-466c-964c-ffb919c24c81,89,2026-05-19 14:02:04.10207+00,BUR,SELL,16,4.27,,rejected,,BUR is the largest position in the portfolio at 14.5% weight and has underperformed (-8.9%). Trimming this position reduces concentration risk and improves portfolio allocation. The current valuation doesn't justify the large position size given the underperformance and fundamental concerns.,,,,,
90,adba1cb9-d86a-4a3e-9589-6a9ea83cd2aa,90,2026-05-19 14:02:30.252789+00,AENT,SELL,9,6.38,0.578968,filled,,"AENT is the worst performer in the portfolio at -6.2% and represents 12.2% of portfolio value. Trimming this position reduces exposure to underperforming assets and frees capital for higher-conviction opportunities. The company's fundamentals show declining revenue and margins, justifying reduction.",122,2026-05-19 14:03:05.117277+00,6.4,,
115,2d4c0f4b-3f20-4aa7-bb2e-60486d3f026f,115,2026-05-26 14:02:35.601874+00,BRCB,BUY,25,7.355,,rejected,0.36,BRCB shows strong fundamentals with $55.5M Q1 2026 revenue and improving profitability. The massive insider buying ($73.3M by 3 insiders) indicates exceptional institutional conviction. This provides diversification away from energy exposure and represents a high-conviction opportunity that fits within available capital constraints.,,,,,
91,872ef257-5f8f-44a4-8652-216a2c11ede1,91,2026-05-19 14:03:18.383395+00,PEW,BUY,48,2.89,,rejected,0.29,"PEW trades at a 20% discount to cash ($2.89 vs $3.51 cash/share) with strong growth potential. The company is transitioning from losses to profitability, with revenue growing from $22.3M to $25.9M sequentially. Management is executing on growth initiatives including PEW Logistics for D2C fulfillment and targeting 3-4% market penetration of the $9B US firearms market.",,,,,
156,f986038c-5bc4-486c-b1a4-ae7ebe445de2,156,2026-06-15 14:03:06.893323+00,SMMT,BUY,10,14,1.00003,filled,0.28125,"SMMT has massive insider buying ($100.7M by 3 insiders) at $13.13, and is currently trading at $14.01, showing strong insider confidence. The stock is up 0.000016% today, suggesting the market hasn't yet priced in this insider confidence. A 10-share position ($140.10) keeps commission drag at 1.43%, well within our 5% threshold.",352,2026-06-15 14:03:11.609226+00,14.00964,,
92,c174bd5e-85ec-4de5-864b-b44ffb5ca91d,92,2026-05-19 14:03:25.99698+00,OBE,BUY,7,13.025,0.913171,filled,0.17916666666666667,"OBE is a Canadian oil producer benefiting from Substack's bullish summer travel demand thesis and current geopolitical energy supply disruption. With oil at $110/barrel and Hormuz closure, OBE has strong EBITDA ($55.8M in Q1 2026) and is positioned to benefit from summer travel-related demand.",130,2026-05-19 14:03:30.625786+00,13.045,,
121,e9784052-ff5e-497c-b792-f36bebfead66,121,2026-05-28 14:01:36.984411+00,ESTA,SELL,2,71.985,,rejected,,"ESTA has breached its stop-loss of $180.00, with current price at $71.995. The stop-loss breach triggers the default action to sell unless overwhelming new fundamental evidence is found. No such evidence has been identified in current analysis. The thesis has been invalidated by price action approaching the stop-loss level, and the position should be exited to preserve capital.",,,,,
93,fd1e6ae4-0385-4114-a9bd-cd4d659640ef,93,2026-05-19 14:03:50.517319+00,GPN,SELL,1,69.34,0.694626,filled,,"GPN is currently at 14.0% of portfolio weight, approaching the maximum position size limit of 20%. Trimming this position reduces concentration risk and frees capital for higher-conviction opportunities like PEW, while maintaining some exposure to the value opportunity.",134,2026-05-19 14:03:55.041107+00,69.3,,
122,c6deae03-ea36-4842-9b2e-5fad80e1a226,122,2026-05-28 14:02:15.265499+00,ESTA,SELL,2,72.37,1.00336,filled,,"ESTA has breached its stop-loss of $180.00, with current price at $71.995. The stop-loss breach triggers the default action to sell unless overwhelming new fundamental evidence is found. No such evidence has been identified in current analysis. The updated thesis indicates the FDA approval catalyst has not materialized as expected, invalidating the original investment premise.",232,2026-05-28 14:02:50.109918+00,71.93,,
94,3d5e5c59-4bbe-4b15-b697-9ef57beba12d,94,2026-05-19 14:04:05.644496+00,PEW,BUY,67,2.885,,rejected,0.29,"PEW trades at a 20% discount to cash ($2.89 vs $3.51 cash/share) with strong growth potential. The company is transitioning from losses to profitability, with revenue growing from $22.3M to $25.9M sequentially. Management is executing on growth initiatives including PEW Logistics for D2C fulfillment and targeting 3-4% market penetration of the $9B US firearms market.",,,,,
95,246f9a17-8ff2-4111-a060-05c1811e6b10,95,2026-05-19 14:04:19.572112+00,PEW,BUY,67,2.885,,rejected,0.29,"PEW trades at a 20% discount to cash ($2.89 vs $3.51 cash/share) with strong growth potential. The company is transitioning from losses to profitability, with revenue growing from $22.3M to $25.9M sequentially. Management is executing on growth initiatives including PEW Logistics for D2C fulfillment and targeting 3-4% market penetration of the $9B US firearms market.",,,,,
123,9bdd2480-70a4-43d0-af92-55a530e98e93,123,2026-05-28 14:02:58.850454+00,DNA,SELL,5,9.06,0.455424,filled,,"DNA is a stub position at 4.5% of the portfolio, below the 5% minimum threshold. Stub positions below 5% do not justify monitoring cost and should be exited to free up capital for more promising opportunities. The portfolio needs optimization to address the -11.0% underperformance crisis.",236,2026-05-28 14:03:03.531722+00,9.07,,
96,83119766-1e44-4028-aee3-0bbf9c8bcead,96,2026-05-20 14:00:30.378192+00,PEW,BUY,69,2.777,,rejected,0.39285714285714285,"PEW trades at $2.73/share with $3.51 cash per share (20% discount to cash), $106.4M cash, $29.7M debt, and solid growth (25.9M revenue in Q1 2026). This represents an exceptional net-net value opportunity with built-in downside protection. The company is well-positioned in the firearms retail sector with growing revenue and strong cash flow.",,,,,
124,d67cbb46-e6e9-472f-9761-6dba04027731,124,2026-05-28 14:03:25.049417+00,RILY,SELL,3,10.7145,0.320452,filled,,"RILY has performed exceptionally well (+37.7%), representing 11.0% of the portfolio. To address the portfolio's -11.0% underperformance crisis, we need to deploy capital into new opportunities like VISN and OSB. Trimming 3 shares of RILY will free up approximately $32 to fund these new positions while maintaining a meaningful RILY position.",240,2026-05-28 14:03:29.571281+00,10.64,,
125,d1be0042-a3b7-4202-8dd9-700830c5319e,125,2026-05-28 14:03:38.745468+00,VISN,BUY,14,12.34,1.000042,filled,0.32971014492753625,"VISN is trading at $12.32, well below its $14 target price from Substack. The company is a communications infrastructure provider with strong fundamentals ($471.8M revenue in Q1 2026) and benefits from the DOCSIS 4.0 upgrade tailwind. This represents an attractive entry point with asymmetric risk/reward.",244,2026-05-28 14:03:43.630088+00,12.338,,
130,347a1ef5-261f-47ab-9582-d437380968c5,130,2026-06-02 14:01:54.95952+00,POOL,SELL,1,178.92,,rejected,,"POOL has performed well (+1.4% unrealized PnL) and is our largest position at 19.0% of portfolio. Trimming 0.25 shares (25% of position) will generate approximately $44.86 in cash, increasing portfolio cash to ~10.5% and reducing concentration risk. This addresses the portfolio rebalancing imperative while maintaining exposure to this core holding.",,,,,
131,409f5a76-39a9-48f3-80ee-363b96bfd234,131,2026-06-02 14:02:17.552014+00,RILY,SELL,3,9.73,0.293546,filled,,"RILY has performed exceptionally well (+26.0% unrealized PnL) and represents the largest source of portfolio alpha. Selling 3 shares (42.9% of position) will generate approximately $29.31 in cash, increasing portfolio cash from 3.8% to ~7.0% and reducing concentration risk while maintaining exposure to this strong performer. This aligns with the portfolio rebalancing imperative and meets the minimum trade size requirement.",264,2026-06-02 14:02:52.281586+00,9.745,,
97,ce9a0ee0-8c36-4d28-a453-93a447f46261,97,2026-05-20 14:00:42.2203+00,PEW,BUY,70,2.75,,rejected,0.39285714285714285,"PEW trades at $2.73/share with $3.51 cash per share (20% discount to cash), $106.4M cash, $29.7M debt, and solid growth (25.9M revenue in Q1 2026). This represents an exceptional net-net value opportunity with built-in downside protection. The company is well-positioned in the firearms retail sector with growing revenue and strong cash flow.",,,,,
116,140fd456-e3bb-4507-87a1-483429f24e31,116,2026-05-27 14:01:26.549497+00,ESTA,BUY,2,73.15,,rejected,0.26136363636363635,ESTA represents healthcare diversification with strong Ozempic tailwind catalyst and FDA approval catalyst. Current valuation discount provides attractive risk/reward. Portfolio needs sector diversification beyond energy exposure.,,,,,
98,ffb2320a-8b87-4836-ad5c-1347e69245cc,98,2026-05-20 14:01:26.577147+00,OBE,BUY,2,12.865,0.257606,filled,0.315,"OBE is a Canadian oil producer trading at $12.85 with strong Q1 2026 fundamentals: $151.4M revenue, $29.6M operating income, $263.6M cash. Substack consistently recommends holding OBE as 'the most shorted oil producer' with GME-like short squeeze potential. The company benefits from oil prices at $110/barrel and upcoming summer travel demand, which should boost demand for oil and gas.",152,2026-05-20 14:01:31.218483+00,12.88,,
117,308b94db-e9fc-4ebd-b493-4756bb1e3cb4,117,2026-05-27 14:01:37.743376+00,ESTA,BUY,2,73.15,1.000006,filled,0.26136363636363635,ESTA represents healthcare diversification with strong Ozempic tailwind catalyst and FDA approval catalyst. Current valuation discount provides attractive risk/reward. Portfolio needs sector diversification beyond energy exposure.,218,2026-05-27 14:02:12.858543+00,73.87,,
99,425afda4-8d27-42c5-8300-0a152d24baf1,99,2026-05-20 14:01:48.905044+00,RILY,BUY,10,9.6025,,rejected,0.35,"RILY is our strongest performer (+21.9% vs portfolio) with exceptional Q1 2026 results: $450.6M revenue, $253.6M operating income, and $213.3M net income. The company is executing exceptionally well on its business model and represents a high-quality growth opportunity. Adding to this position increases our exposure to a proven winner while deploying cash to address the portfolio's -10.31% alpha underperformance.",,,,,
100,a8fa4a89-d881-4fae-a218-9fd1929ce074,100,2026-05-20 14:02:04.701217+00,GPN,BUY,1,68.625,0.686703,filled,0.275,GPN is a high-quality value stock trading at 5x P/E with $2.97B Q1 revenue and $6.5B buyback program. The company has strong fundamentals and represents a compelling deep value opportunity. Adding to this position aligns with our value investing thesis and deploys cash to address the portfolio's -10.31% alpha underperformance.,160,2026-05-20 14:02:09.206898+00,68.67,,
118,0dad2540-ce5b-413d-aae5-a8a891198669,118,2026-05-27 14:02:51.896793+00,BRCB,BUY,6,8.386,,rejected,0.32142857142857145,"BRCB has extraordinary insider buying of $73.3M by 3 insiders, indicating massive conviction in the company's growth prospects. This represents a rare opportunity with asymmetric risk/reward. The coffee bar franchise business appears to be at an inflection point for expansion.",,,,,
101,2f38bd0a-fe76-4c92-9359-054c360dd2db,101,2026-05-20 14:02:52.079898+00,PEW,BUY,60,2.75,,rejected,0.39285714285714285,"PEW trades at $2.73/share with $3.51 cash per share (20% discount to cash), $106.4M cash, $29.7M debt, and solid growth (25.9M revenue in Q1 2026). This represents an exceptional net-net value opportunity with built-in downside protection. The company is well-positioned in the firearms retail sector with growing revenue and strong cash flow.",,,,,
102,e47ab52f-268b-42db-9d42-31a6638b657c,102,2026-05-20 14:03:05.669149+00,DMLP,BUY,5,28.715,1.000015,filled,0.325,"DMLP is a zero-capex oil/gas royalty LP with $129.7M TTM FCF, net cash position, and direct upside leverage to oil prices. The Hormuz closure from the Iran war is a structural supply disruption that elevates WTI well above the $55 falsification floor. Every $10/bbl oil increase adds ~$13M annual FCF. With oil at $110/barrel and ongoing geopolitical tensions, this represents a high-conviction oil leverage opportunity.",166,2026-05-20 14:03:10.158359+00,28.715,,
103,9a93aa6b-a628-4452-a18e-9c4d90717db1,103,2026-05-21 16:03:22.04512+00,AENT,SELL,5,6.13,,rejected,,"Trimming 5 shares of AENT (55% of position) to raise cash for portfolio optimization. Portfolio in crisis with -11.26% alpha underperformance, minimal cash (2.3%) limiting deployment options. AENT approaching stop-loss $5.95 at $6.13, unclear earnings date, underperforming. Cash raised can be deployed to higher-conviction opportunities.",,,,,
104,3ba691f1-4ba1-46a3-9f83-930eda40e14b,104,2026-05-21 16:04:03.131384+00,AENT,SELL,6,6.13,0.344794,filled,,"Trimming 6 shares of AENT (67% of position) to raise meaningful cash for portfolio optimization. Portfolio in crisis with -11.26% alpha underperformance, minimal cash (2.3%) limiting deployment. Need sufficient cash to deploy to higher-conviction opportunities.",172,2026-05-21 16:04:37.956624+00,5.715,,
105,e964dd4f-37eb-4f7d-b199-b6cfb7c00893,105,2026-05-21 16:05:10.231203+00,OBE,SELL,4,12.66,0.508235,filled,,Trimming 4 shares of OBE to reduce portfolio concentration from 19.7% toward target ~12.5%. Portfolio in crisis with -11.26% alpha underperformance requires rebalancing. Geopolitical de-escalation (Iran strike called off) may pressure oil premium. Cash raised can be deployed to other opportunities.,176,2026-05-21 16:05:14.829428+00,12.66,,
106,8f34a5cc-36d9-4e0e-af76-0b9d949560ee,106,2026-05-25 14:00:35.198606+00,AENT,SELL,3,6.16,,rejected,,"AENT position has breached its $5.95 stop-loss ($6.16 current price), triggering CODE RED protocol. The position is also a stub at only 1.9% of portfolio, below the 5% minimum meaningful size. No earnings date has been confirmed despite multiple checks, creating uncertainty for position management. With the portfolio in crisis (-12.53% alpha underperformance vs SPY), capital should be redeployed to higher-conviction opportunities. Selling AENT frees up $18.48 for redeployment to addresses the portfolio crisis.",,,,,
107,353f9af7-0fed-4555-a6ec-249c1cc8b836,107,2026-05-25 14:00:48.037182+00,AENT,SELL,3,6.16,,rejected,,"AENT position has breached its $5.95 stop-loss ($6.16 current price), triggering CODE RED protocol. The position is also a stub at only 1.9% of portfolio, below the 5% minimum meaningful size. No earnings date has been confirmed despite multiple checks, creating uncertainty for position management. With the portfolio in crisis (-12.53% alpha underperformance vs SPY), capital should be redeployed to higher-conviction opportunities. Selling AENT frees up $18.48 for redeployment to addresses the portfolio crisis.",,,,,
108,60222a57-a6c4-4f28-a486-684225b03e78,108,2026-05-25 14:01:45.192155+00,AENT,SELL,3,6.16,,rejected,,"AENT position has breached its $5.95 stop-loss ($6.16 current price), triggering CODE RED protocol. The position is also a stub at only 1.9% of portfolio, below the 5% minimum meaningful size. No earnings date has been confirmed despite multiple checks, creating uncertainty for position management. With the portfolio in crisis (-12.53% alpha underperformance vs SPY), capital should be redeployed to higher-conviction opportunities. Selling AENT frees up $18.48 for redeployment to addresses the portfolio crisis.",,,,,
109,daa16030-0fdf-4de6-88a3-1bdd26a31a78,109,2026-05-25 14:02:08.304705+00,AENT,SELL,3,6.16,,rejected,,"AENT is a stub position at only 1.9% of portfolio value, below the 5% minimum meaningful size requirement. Stub positions do not justify monitoring cost and waste attention that should be focused on higher-conviction opportunities. With the portfolio in crisis (-12.53% alpha underperformance vs SPY), capital should be redeployed to higher-conviction opportunities. Selling AENT frees up $18.48 for redeployment to address the portfolio crisis.",,,,,
119,f9437221-00d4-4705-918d-fe25389a69b7,119,2026-05-27 14:03:14.022643+00,PLBY,BUY,38,1.35,,rejected,0.28125,"PLBY has a bullish Yellowbrick thesis with 120% upside to $2.90. The company is positioned to benefit from digital media trends and has a strong brand. With current cash of $51.93, buying 38 shares at $1.345 represents appropriate position sizing.",,,,,
110,3549ab37-9f36-4a87-9c2a-fbe216d5d35e,110,2026-05-26 14:00:48.324384+00,OBE,SELL,11,11.83,,rejected,,"OBE's summer travel thesis remains but faces significant headwind from the Strait of Hormuz reopening, which would pressure oil premium and create a lower oil price environment. The portfolio is overweight energy (27.6% combined OBE+DMLP) and faces geopolitical uncertainty. With RILY as the sole strong performer, reducing energy concentration improves portfolio diversification and risk management.",,,,,
120,40cb01ed-dc9c-4b24-834b-02b9670fb68e,120,2026-05-27 14:03:28.666315+00,DNA,BUY,5,8.93,0.445765,filled,0.175,DNA represents healthcare/biotech exposure with potential upside from synthetic biology platform. Current valuation appears reasonable given growth potential and market divergence creates opportunity.,226,2026-05-27 14:03:33.528665+00,8.915,,
111,1862d262-3abc-4851-9556-d33fb2b0fd89,111,2026-05-26 14:01:17.015023+00,AENT,SELL,3,6.485,,rejected,,"AENT is a stub position at 1.9% (below 5% minimum threshold) and is approaching its stop-loss of $5.95 ($6.485 current price is only $0.535 above stop). The position is too small to justify monitoring cost while approaching a critical threshold. With no earnings date found in system and the portfolio crisis requiring urgent optimization, selling this stub position frees up capital for higher-conviction opportunities and eliminates a monitoring burden.",,,,,
112,20889e5d-9ee5-4543-b182-2bffe51da133,112,2026-05-26 14:01:56.155489+00,DMLP,SELL,5,27.79,1.003835,filled,,"DMLP's oil leverage thesis is being materially undermined by Trump's announcement that the Strait of Hormuz deal is 'largely negotiated.' This represents a fundamental shift in the investment thesis, not just price movement. The core catalyst for DMLP's valuation premium (oil conflict risk) is being removed. Market implications: Oil premium compression likely, pressure on energy stocks with conflict premium exposure. With the portfolio overweight in energy (27.6% combined OBE+DMLP), reducing this position addresses sector concentration risk.",200,2026-05-26 14:02:00.654356+00,27.62,,
126,a5b0b5e2-8196-4ac2-af07-84a9e6f26ab8,126,2026-05-29 14:01:55.970924+00,SBLK,SELL,2,26.95,,rejected,,"SBLK is our largest position at 19.5% of portfolio, exceeding our 20% maximum but violating our target of ~12.5%. We need to reduce concentration for risk management while maintaining our thesis that SBLK benefits from global trade normalization and shipping demand.",,,,,
113,d8be5d5e-f6c5-4dcb-9a81-6c77c0be0eb8,113,2026-05-26 14:02:03.554248+00,OBE,SELL,11,11.835,1.004856,filled,,"OBE's summer travel thesis remains but faces significant headwind from the Strait of Hormuz reopening, which would pressure oil premium and create a lower oil price environment. The portfolio is overweight energy (27.6% combined OBE+DMLP) and faces geopolitical uncertainty. With RILY as the sole strong performer, reducing energy concentration improves portfolio diversification and risk management.",204,2026-05-26 14:02:08.14591+00,11.82,,
127,29a6811a-76d2-4ab5-9ea0-cc5e73a72510,127,2026-05-29 14:02:03.292729+00,VISN,SELL,3,12.44,0.374584,filled,,VISN is our second largest position at 18.0% of portfolio and has concerning financials with negative $1.5B net income in Q1 2026. We need to reduce concentration and address the fundamental weakness while raising cash for better opportunities.,250,2026-05-29 14:02:38.053577+00,12.4407,,
114,93cece78-faa5-407d-85ce-282a482efbd7,114,2026-05-26 14:02:10.837063+00,SBLK,BUY,7,27.13,1.000021,filled,0.325,"SBLK is the top watchlist candidate from Yellowbrick - Star Bulk Carriers with 145-vessel dry bulk fleet, scrap value $975M > gross debt $951M, high operating leverage. This provides perfect portfolio diversification away from energy exposure and geopolitical risk. With the Strait of Hormuz reopening, shipping sector could benefit from increased trade flows. Current portfolio needs sector diversification away from oil exposure.",208,2026-05-26 14:02:15.73755+00,27.1485,,
128,7912994f-9e69-42d3-9b26-55ed34300fec,128,2026-05-29 14:03:05.194328+00,SBLK,SELL,1,26.96,0.270165,filled,,"SBLK is our largest position at 19.6% of portfolio, exceeding our 20% maximum but violating our target of ~12.5%. We need to reduce concentration for risk management while maintaining our thesis that SBLK benefits from global trade normalization and shipping demand.",254,2026-05-29 14:03:09.676713+00,26.9412,,
129,796ecbee-b9ca-49ca-be5c-bb89c569b9de,129,2026-05-29 14:03:40.787512+00,ROCK,BUY,2,39.435,0.788406,filled,0.325,"ROCK has strong fundamentals with 12% revenue growth, margin expansion, and raised guidance. The substack $100 target represents 2.5x upside and is confirmed by the research showing sustained demand in solar and construction end-markets. We're buying 2 shares to establish a meaningful position while maintaining risk management discipline.",258,2026-05-29 14:03:45.583193+00,39.42,,
132,5cb43963-fe22-4882-b18f-d5b1d2897310,132,2026-06-02 14:02:56.134655+00,ROCK,SELL,1,38.18,0.382283,filled,,"ROCK has declined -4.1% from entry price ($39.81 to $38.16) and the Substack $100 target remains valid but distant. With 6 positions lacking formal theses and critical cash constraints, selling 1 share (50% of position) will generate $38.16 in cash, increasing portfolio cash to ~11.0% and addressing the discipline violation. This is a tactical cash generation move, not thesis invalidation, as the $100 target remains intact.",268,2026-06-02 14:03:00.641026+00,38.13,,
133,4992a8cf-965c-4833-9680-387877016578,133,2026-06-02 14:03:04.107151+00,SBLK,SELL,1,27.65,0.277082,filled,,"SBLK has performed moderately well (+1.6% unrealized PnL) and is our second largest position at 17.5% of portfolio. Selling 1 share (16.7% of position) will generate approximately $27.73 in cash, increasing portfolio cash to ~13.5% and reducing concentration risk. This addresses the portfolio rebalancing imperative while maintaining exposure to this core holding.",272,2026-06-02 14:03:08.581137+00,27.6315,,
147,7c9b2c35-2767-456b-af72-2686811b966c,147,2026-06-11 14:01:20.445443+00,BUR,SELL,32,4.215,,rejected,,"BUR's financials show consistent deterioration with negative operating income (-$53.7M) and net losses in recent quarters. Q4 2025 results show -$53.7M operating income and -$37.5M net income, indicating fundamental issues beyond market sentiment. The original thesis about strong risk-adjusted returns is invalidated by this financial data.",,,,,
134,66ffdd99-5d19-4a1e-a845-82b8586d8bfb,134,2026-06-03 14:01:07.572406+00,GRNT,BUY,20,4.995,,rejected,0.255,"GRNT presents a high-conviction energy opportunity aligned with current US-Iran geopolitical tensions. With $919K insider buying by 6 insiders at $5.36, the stock is currently trading at $4.995 (6.8% below insider purchase price), creating an attractive entry point. The company operates in oil & gas exploration with exposure to potential oil price premiums from Middle East tensions. GRNT has a low beta (0.228) and strong insider conviction, making it a defensive energy play with asymmetric upside.",,,,,
135,d06b8b54-3a7b-4f42-a2ca-ed2836a5c980,135,2026-06-03 14:01:14.997979+00,RLI,BUY,2,51.04,1.000006,filled,0.26999999999999996,"RLI represents a high-conviction insurance sector rotation opportunity with strong fundamentals. Trading at $51.005 with Q1 2026 net income of $54.89M and $0.60 EPS, RLI shows consistent profitability in the property & casualty insurance space. With a low beta (0.383) and $4.66 dividend, it provides defensive characteristics while benefiting from sector rotation signals. The recent $859K insider buying cluster confirms management's confidence in the company's prospects.",278,2026-06-03 14:01:50.072773+00,51,,
136,9d6f46a5-da46-45e6-bc23-90e3434b1e04,136,2026-06-03 14:02:13.371565+00,ROCK,SELL,1,37.735,0.377774,filled,,"ROCK requires thesis review and position size adjustment. Currently at 3.9% of portfolio (below 5% minimum), it's a stub position that doesn't justify monitoring cost. The $39.81 entry price is above current $37.98 price (-4.7% decline), but with strong insider buying ($1.56M by 4 insiders) and Substack $100 target (2.5x upside), the thesis remains intact. Selling 1 share reduces the position to 2 shares while maintaining exposure to the solar construction thesis.",282,2026-06-03 14:02:18.021982+00,37.68,,
137,fe4f677f-a7d4-47e2-83ec-8d524a0daa76,137,2026-06-03 14:02:22.191331+00,POOL,SELL,1,179.5,1.003888,filled,,"POOL is the largest portfolio position at 18.8% and requires risk management. With +1.4% performance and unknown earnings date, selling 1 share reduces concentration while generating cash. The cash will be redeployed to higher-conviction opportunities aligned with current geopolitical risks (energy) and sector rotation (insurance). This addresses both cash constraint and position sizing discipline.",286,2026-06-03 14:02:26.697628+00,179.109,,
138,ab7253ef-7bb3-46d7-8c50-a18a83ec84a6,138,2026-06-03 14:02:39.235778+00,RILY,SELL,4,9.91,0.397808,filled,,"RILY is currently a stub position at 4.1% of portfolio (below 5% minimum), requiring exit to eliminate monitoring cost. With +27.0% performance, exiting the full position locks in gains and generates cash for higher-conviction opportunities. The position has unknown earnings risk, making full exit the appropriate risk management action.",290,2026-06-03 14:02:43.726474+00,9.905,,
139,c5e7629d-34f7-4e69-b437-969b5bf80ef0,139,2026-06-03 14:02:46.604333+00,GRNT,BUY,37,5.005,1.000111,filled,0.255,"GRNT presents a high-conviction energy opportunity aligned with current US-Iran geopolitical tensions. With $919K insider buying by 6 insiders at $5.36, the stock is currently trading at $4.995 (6.8% below insider purchase price), creating an attractive entry point. The company operates in oil & gas exploration with exposure to potential oil price premiums from Middle East tensions. GRNT has a low beta (0.228) and strong insider conviction, making it a defensive energy play with asymmetric upside.",294,2026-06-03 14:02:51.314391+00,5.005,,
140,a554ba88-fc53-44ad-a960-dc1a7f274113,140,2026-06-08 14:02:08.331557+00,GRNT,SELL,37,4.93,,rejected,,"GRNT faces substantial doubt about its ability to continue as a going concern with high debt maturity risk in 2027 and recent auditor change. In the current extreme geopolitical environment with Strait of Hormuz blockade likely to cause oil price volatility and credit market stress, GRNT's high leverage makes it extremely vulnerable. The stock is trading at $4.92, down 2.2% from our cost basis, and the going-concern warning represents an existential risk that violates our risk management principles.",,,,,
141,2fb7fde0-8021-45f1-a8f7-57c9d15a18db,141,2026-06-08 14:02:24.802328+00,GRNT,SELL,37,4.925,1.01108,filled,,"GRNT faces substantial doubt about its ability to continue as a going concern with high debt maturity risk in 2027 and recent auditor change. In the current extreme geopolitical environment with Strait of Hormuz blockade likely to cause oil price volatility and credit market stress, GRNT's high leverage makes it extremely vulnerable. The stock is trading at $4.92, down 2.2% from our cost basis, and the going-concern warning represents an existential risk that violates our risk management principles.",300,2026-06-08 14:02:59.579875+00,4.925,,
142,f58a5e62-0dff-46a4-badb-152964808e7a,142,2026-06-08 14:03:08.637838+00,SBLK,SELL,5,26.74,1.003743,filled,,"SBLK faces existential risk from the Strait of Hormuz blockade threat. With Iran threatening to completely block this critical oil chokepoint and US-Iran military escalation continuing, shipping routes are at extreme risk. News reports confirm shipping traffic has dropped to 36 ships/week from 130/day pre-war. SBLK's business model depends on global trade routes, and a complete Hormuz blockade would severely impact its operations. The stock is down 2.2% to $26.69 and the geopolitical risk has moved from potential to highly probable.",304,2026-06-08 14:03:13.248889+00,26.73,,
143,e1550051-3f1a-4955-ace3-ffd0acdc2de0,143,2026-06-09 14:01:33.243684+00,SU,BUY,1,61.8,,rejected,0.2857142857142857,"SU is Canada's largest integrated energy company with direct exposure to oil price increases. With US-Iran conflict escalating at the Strait of Hormuz (20% of global oil supply), oil prices are likely to spike. SU has strong fundamentals: $15.4B Q1 revenue, $2.9B operating income, $2.1B net income, and $4.76B EBITDA. Trading at ~4.8x revenue is reasonable for integrated energy. This positions the portfolio for geopolitical tailwinds while maintaining quality.",,,,,
144,f984ea84-e288-43cf-860b-7473e936c399,144,2026-06-09 14:01:54.924461+00,SU,BUY,1,61.83,0.618403,filled,0.2857142857142857,"SU is Canada's largest integrated energy company with direct exposure to oil price increases. With US-Iran conflict escalating at the Strait of Hormuz (20% of global oil supply), oil prices are likely to spike. SU has strong fundamentals: $15.4B Q1 revenue, $2.9B operating income, $2.1B net income, and $4.76B EBITDA. Trading at ~4.8x revenue is reasonable for integrated energy. This positions the portfolio for geopolitical tailwinds while maintaining quality.",310,2026-06-09 14:02:29.763568+00,61.84,,
145,1ae8acbd-2d6f-4ce9-ac3a-d20b4ae16577,145,2026-06-10 14:02:06.303511+00,OBE,BUY,15,11.06,,rejected,0.24415094339622637,"OBE is a pure-play Canadian oil producer with strong fundamentals and direct exposure to oil price movements. With Iran-Israel missile exchanges escalating and Strait of Hormuz risk elevated, oil prices have significant upside potential. OBE's current price of $11.07 offers compelling entry point relative to $14.00 target price (26.5% upside) with $9.00 stop loss (18.7% downside). This provides asymmetric risk/reward profile perfectly aligned with our geopolitical energy theme.",,,,,
157,6bab2620-100b-407f-8029-3c3946e057bb,157,2026-06-16 14:01:25.694113+00,OBE,BUY,17,10.305,,rejected,0.22,"OBE is a pure-play Canadian oil producer with strong Q1 2026 operating income ($29.6M) despite net losses due to non-operating expenses. With ongoing Iran tensions, US military action against oil tankers, and UK seizure of Russian shadow tanker, oil supply disruptions are real and continuing. OBE's valuation appears attractive relative to peers, and it would provide direct exposure to oil price upside from continued geopolitical risk premium. The current price of $10.27 is below its 52-week high of $14.59, providing a margin of safety.",,,,,
146,9b53db9b-e33e-4687-a4e1-ec19a097340a,146,2026-06-10 14:02:19.668711+00,OBE,BUY,8,11.05,0.884664,filled,0.24415094339622637,"OBE is a pure-play Canadian oil producer with strong fundamentals and direct exposure to oil price movements. With Iran-Israel missile exchanges escalating and Strait of Hormuz risk elevated, oil prices have significant upside potential. OBE's current price of $11.07 offers compelling entry point relative to $14.00 target price (26.5% upside) with $9.00 stop loss (18.7% downside). This provides asymmetric risk/reward profile perfectly aligned with our geopolitical energy theme.",316,2026-06-10 14:02:54.439557+00,11.058,,
158,a834d138-a6ea-45b8-af0a-21968974bb46,158,2026-06-16 14:01:48.517357+00,OBE,BUY,3,10.305,0.309009,filled,0.22,"OBE is a pure-play Canadian oil producer with strong Q1 2026 operating income ($29.6M) despite net losses due to non-operating expenses. With ongoing Iran tensions, US military action against oil tankers, and UK seizure of Russian shadow tanker, oil supply disruptions are real and continuing. OBE's valuation appears attractive relative to peers, and it would provide direct exposure to oil price upside from continued geopolitical risk premium. The current price of $10.27 is below its 52-week high of $14.59, providing a margin of safety.",358,2026-06-16 14:01:53.543814+00,10.3,,
148,9c3f97cb-ec1c-4bb0-a035-ceadfeca67be,148,2026-06-11 14:01:28.739388+00,GPN,SELL,2,62.78,1.002989,filled,,"GPN's Q1 2026 results show catastrophic net income of -$1.8B despite $2.97B revenue, indicating serious accounting or operational issues that invalidate the original thesis. This fundamental deterioration makes the position unacceptable to hold, failing the 'would I buy today' test at current price ($62.65).",322,2026-06-11 14:02:03.548716+00,62.925,,
149,d07f5395-bbec-45d3-a885-c9e06972d2df,149,2026-06-11 14:02:08.171407+00,VISN,SELL,5,12.22,0.612998,filled,,"VISN's Q1 2026 shows -$1.5B net loss despite $471.8M revenue, suggesting accounting issues. Current price ($12.205) is approaching the updated $13.5 target, and with the thesis weakened and financial concerns, trimming 45% of the position is appropriate risk management.",326,2026-06-11 14:02:12.78232+00,12.215,,
150,bcc9bb23-786e-423d-987b-aa6fe1dff2fd,150,2026-06-11 14:02:24.328405+00,BUR,SELL,32,4.22,1.009119,filled,,"BUR's financials show consistent deterioration with negative operating income (-$53.7M) and net losses in recent quarters. Q4 2025 results show -$53.7M operating income and -$37.5M net income, indicating fundamental issues beyond market sentiment. The original thesis about strong risk-adjusted returns is invalidated by this financial data.",330,2026-06-11 14:02:28.839574+00,4.222,,
151,115d411f-3223-405f-8770-c305ba518da7,151,2026-06-15 14:01:05.747403+00,OBE,SELL,4,10.395,,rejected,,"Geopolitical thesis weakened by conflicting Iran peace deal signals (Trump claims deal Sunday but CNBC reports deal in question as Israel strikes Lebanon). Updated thesis has decreased conviction and lowered target ($13.5 from $15). With unknown earnings date (violates 7-day rule) and -7.1% unrealized loss, risk/reward is unfavorable. Trimming position frees capital for higher-conviction opportunities while maintaining some exposure to potential upside.",,,,,
152,6c5e4c0a-67b8-471c-9c69-4fe02bf961ab,152,2026-06-15 14:01:12.80266+00,SU,SELL,1,58.579,0.590906,filled,,"Geopolitical thesis weakened by conflicting Iran peace deal signals (Trump claims deal Sunday but CNBC reports deal in question as Israel strikes Lebanon). Updated thesis has decreased conviction and lowered target ($70 from $75). Current price ($58.55) is very close to new stop-loss ($57.5), making position highly vulnerable. With unknown earnings date (violates 7-day rule) and -7.9% unrealized loss, risk/reward is unfavorable. Full exit frees capital for higher-conviction opportunities.",336,2026-06-15 14:01:47.612023+00,58.65,,
153,40a6cb40-3f29-44db-8174-1355387c8614,153,2026-06-15 14:02:02.674599+00,OBE,SELL,8,10.415,0.835715,filled,,"Geopolitical thesis significantly weakened by conflicting Iran peace deal signals (Trump claims deal Sunday but CNBC reports deal in question as Israel strikes Lebanon). Updated thesis has decreased conviction and lowered target ($13.5 from $15). With unknown earnings date (violates 7-day rule) and -7.1% unrealized loss, risk/reward is unfavorable. Full exit frees capital for higher-conviction opportunities that meet commission requirements.",340,2026-06-15 14:02:07.292147+00,10.4052,,
154,dc90b1c1-d53a-495e-ab8b-8354ada963d5,154,2026-06-15 14:02:29.449133+00,MOBI,BUY,10,11.5,,rejected,0.3125,"MOBI has massive insider buying ($19.1M by 7 insiders) at $14.99, representing 30% upside from current price of $11.50. This is a strong signal of insider confidence in the company's prospects. As a medical device company, MOBI benefits from the growing healthcare technology sector. A 10-share position ($115) keeps commission drag at 1.74%, well within our 5% threshold.",,,,,
155,e4c6c5d9-8b78-4085-b017-1f3515ab51d4,155,2026-06-15 14:02:47.737123+00,BETR,BUY,5,29.89,,rejected,0.27799999999999997,"BETR has massive insider buying ($8.4M by 5 insiders) at $29.46, and is currently trading at $29.89, showing strong insider confidence. The stock is up 12.75% today, indicating positive market sentiment. A 5-share position ($149.45) keeps commission drag at 1.34%, well within our 5% threshold.",,,,,
