id,request_id,timestamp,ticker,action,quantity,order_type,status,filled_price,commission,order_id,reason,kelly_fraction,half_kelly_fraction,portfolio_value_at_trade,analysis_data,dry_run
22,414cd984-ecb4-46f5-a584-38b6ffb2d1b3,2026-05-01 14:01:06.841667+00,CHH,SELL,1,MARKET,FILLED,102.07,1.002301,8,"CHH thesis is broken due to Q1 earnings miss (EPS $0.44 vs expected). The position has -2.74% unrealized loss and 'NONE' conviction level in active theses. I would not buy CHH today at current price of $102.08, so holding is not justified. This is a clear application of sell discipline - the thesis has been invalidated by evidence.",-24.050000000000022,0,1023.96,"{""confidence"": 0.95, ""win_probability"": 0.95, ""expected_gain_pct"": 0.01, ""expected_loss_pct"": -5.0}",f
23,ae1eb1ea-d1a2-40a3-ab76-9d9cd4719378,2026-05-01 14:01:26.805173+00,BMI,BUY,1,MARKET,FILLED,121.83,1.000003,12,"BMI is trading at a 10% discount to insider purchase price ($122.37 vs $136+), with strong Q1 2026 fundamentals (10.4% revenue growth, 7.2% net income growth). The company benefits from secular trends in water infrastructure modernization and smart metering adoption. Current position is 11.8% of portfolio, and adding 1 more share would bring it to ~16.5%, which is acceptable given the HIGH conviction level and strong insider alignment. The target price is $145.00, providing 18.5% upside.",0.7405405405405405,0.2,1040.38,"{""confidence"": 0.85, ""win_probability"": 0.85, ""expected_gain_pct"": 18.5, ""expected_loss_pct"": -13.5}",f
24,9a0de41f-cb1c-469f-940c-90db0bcfa15b,2026-05-01 14:01:45.793917+00,SU,BUY,2,MARKET,FILLED,66.77,1.000006,16,"SU is a stable, large-cap integrated oil company benefiting from structural oil market changes (UAE OPEC exit, Hormuz blockade). With Q4 2025 net income $1.48B and EPS $1.23, SU has consistent earnings and a solid dividend yield (~2.5%). Adding SU provides diversified oil exposure that complements the existing DMLP position and addresses the TOP PRIORITY oil sector analysis need.",0.5833333333333334,0.2,1039.65,"{""confidence"": 0.75, ""win_probability"": 0.75, ""expected_gain_pct"": 15.0, ""expected_loss_pct"": -10.0}",f
25,fe920e29-f8ca-477a-8cea-5eae85771957,2026-05-07 14:02:03.420611+00,BMI,SELL,2,MARKET,FILLED,124.16,1.005511,22,"BMI is 24.2% of portfolio, exceeding our 20% hard limit. This creates unacceptable concentration risk. We need to trim to approximately 15% of portfolio.",0.7,0.2,1031.04,"{""confidence"": 0.9, ""win_probability"": 0.85, ""expected_gain_pct"": 0.01, ""expected_loss_pct"": -0.01}",f
26,3f3a70f6-a0de-43fe-b790-8b3493abf3df,2026-05-07 14:02:28.468478+00,TBPH,SELL,4,MARKET,FILLED,16.81,0.674577,26,"TBPH is a stub position at 6.5% of portfolio, below our 10% meaningful position threshold. Exiting frees capital for higher-conviction opportunities like GPN (5x P/E value).",0.3999999999999998,0.1999999999999999,1024.7,"{""confidence"": 0.8, ""win_probability"": 0.7, ""expected_gain_pct"": 0.01, ""expected_loss_pct"": -0.01}",f
27,c22b48c6-1713-4486-a5a7-8a07712a2e71,2026-05-08 14:02:26.545156+00,SU,SELL,1,MARKET,FILLED,63.685,0.63836,32,"SU position showing concerning divergence from oil price fundamentals despite Brent at $114, with 5.4% decline from entry. Trim reduces exposure to geopolitical uncertainty while maintaining partial position for potential upside.",0.3875,0.19375,1024.23,"{""confidence"": 0.65, ""win_probability"": 0.65, ""expected_gain_pct"": 20.0, ""expected_loss_pct"": -15.0}",f
28,101e2430-3539-4e2b-b392-d50f5a193800,2026-05-08 14:02:35.807556+00,GPN,BUY,1,MARKET,FILLED,68.935,0.689353,36,"GPN is trading at 5x P/E with $6.5B buyback planned, $3.4B FCF in 2026, and revenue/EBITDA/EPS up 60% from 2021-2026E. This represents a significant valuation gap versus peers and provides the best opportunity to deploy the portfolio's 44.4% cash position.",0.52,0.2,1018.06,"{""confidence"": 0.75, ""win_probability"": 0.7, ""expected_gain_pct"": 25.0, ""expected_loss_pct"": -15.0}",f
29,dbbf952e-afb4-479b-ad93-fe11bfc8654f,2026-05-13 14:03:25.142015+00,GPN,BUY,2,MARKET,FILLED,67.54,1.000006,42,GPN is a compelling value opportunity trading at 5x P/E with strong underlying business generating $849M EBITDA in Q1 2026. The $6.5B buyback program is temporarily paused but will resume as leverage improves. This represents the highest-conviction opportunity to deploy our 44% cash drag.,0.6,0.2,1017.38,"{""confidence"": 0.9, ""win_probability"": 0.75, ""expected_gain_pct"": 25.0, ""expected_loss_pct"": -15.0}",f
30,674fe158-bba8-46aa-a9e7-f9e065353f97,2026-05-13 14:03:40.5167+00,SU,SELL,1,MARKET,FILLED,66.805,0.669624,46,"SU thesis is broken: persistent divergence from oil fundamentals despite Iran war and Hormuz blockade, consistent Substack sell recommendations, and Q1 beat not moving the stock. Market is pricing in demand destruction or de-escalation. Falsification criteria met: Hormuz remains closed but stock underperforms, indicating thesis invalidation.",-21.650000000000002,0,993.1,"{""confidence"": 0.95, ""win_probability"": 0.85, ""expected_gain_pct"": 0.01, ""expected_loss_pct"": -1.5}",f
31,52a79f99-d4f3-4fdd-9529-962857e8ba34,2026-05-14 14:01:40.755517+00,GPN,SELL,1,MARKET,FILLED,67.29,0.674484,52,GPN concentration exceeds 20% maximum (currently 20.35% of portfolio). Trim 1 share to reduce concentration risk and bring position to ~15% target size. This is pure risk management with no thesis change - the value thesis remains intact.,-29.150000000000002,0,992.44,"{""confidence"": 0.9, ""win_probability"": 0.85, ""expected_gain_pct"": 0.01, ""expected_loss_pct"": -2.0}",f
32,f5c89bb9-ffad-4a4e-b13a-9b4ca0014956,2026-05-14 14:01:59.79434+00,RILY,BUY,14,MARKET,FAILED,,,56,"RILY is the portfolio's top performer (+11.2%) and has strong fundamentals (Q1 revenue $450M, net income $213M). It's a M&A/IPO wave beneficiary and has been consistently recommended by Substack. Adding to this high-conviction winner addresses the cash drag and underperformance.",0.7333333333333333,0.2,1004.8,"{""confidence"": 0.85, ""win_probability"": 0.8, ""expected_gain_pct"": 15.0, ""expected_loss_pct"": -5.0}",f
33,81d52503-9607-4013-9f84-cdf8d321a866,2026-05-14 14:02:14.325856+00,DMLP,BUY,4,MARKET,FILLED,27.47,1.000012,60,"DMLP has performed well (+3.7%) and benefits directly from the oil crisis. With Aramco warning of critically low fuel stocks and 100M barrels lost weekly from Hormuz closure, DMLP's energy transportation thesis is strongly supported. This deployment addresses the cash drag and underperformance.",0.65,0.2,1004.8,"{""confidence"": 0.8, ""win_probability"": 0.75, ""expected_gain_pct"": 25.0, ""expected_loss_pct"": -10.0}",f
34,69923f9d-f7b2-44d5-8a76-c1d863a199c0,2026-05-14 14:02:38.26067+00,AENT,BUY,10,MARKET,FAILED,,,64,AENT has solid fundamentals (Q1 revenue $450M) and is trading near its 52-week low. Adding to this position diversifies the portfolio and addresses the cash drag. The stock has shown positive momentum recently.,0.5499999999999998,0.2,1003.65,"{""confidence"": 0.75, ""win_probability"": 0.7, ""expected_gain_pct"": 12.0, ""expected_loss_pct"": -6.0}",f
35,244b94fa-0b93-45a3-accd-58bd8c4ca77c,2026-05-14 14:02:50.595098+00,BUR,BUY,15,MARKET,FILLED,4.7293,0.70944,68,"BUR has performed well (+1.35%) and operates in the litigation finance space, which benefits from market volatility and uncertainty. Adding to this position diversifies the portfolio and addresses the cash drag.",0.5599999999999999,0.2,1003.65,"{""confidence"": 0.75, ""win_probability"": 0.7, ""expected_gain_pct"": 15.0, ""expected_loss_pct"": -7.0}",f
36,913e8059-92bc-4321-99a5-ef76552075bf,2026-05-14 14:03:27.176054+00,COGT,BUY,5,MARKET,FILLED,34.96,1.000015,72,"COGT has strong clinical oncology pipeline with Bezuclastinib for Systemic Mastocytosis & GIST, with >$3B peak sales estimated. It's a potential M&A target and has been consistently recommended by Yellowbrick. This deployment addresses the cash drag and diversifies the portfolio.",0.55,0.2,1003.28,"{""confidence"": 0.75, ""win_probability"": 0.7, ""expected_gain_pct"": 30.0, ""expected_loss_pct"": -15.0}",f
37,64624662-f2b7-469f-8a6d-be809d9e75c0,2026-05-15 14:02:12.431432+00,BUR,SELL,10,MARKET,FILLED,4.695,0.472447,78,"Trimming BUR to reduce concentration risk from 19.9% to ~15% of portfolio. BUR has shown earnings volatility (Q4 2025 $37.5M loss vs Q2 2025 $88.3M profit) and is approaching our 20% position limit. This is risk management, not thesis invalidation.",-174.35,0,1004.23,"{""confidence"": 0.7, ""win_probability"": 0.65, ""expected_gain_pct"": 0.01, ""expected_loss_pct"": -5.0}",f
38,d77f9b9a-7406-481c-94aa-5176e547e2be,2026-05-15 14:02:22.474358+00,OBE,BUY,6,MARKET,FILLED,13.31,0.798618,82,OBE is the most shorted oil producer (34.1% short interest) with GME-like short squeeze potential if Hormuz tensions escalate. Trading at $13.095 with strong oil leverage thesis intact. Hormuz closure continues with 100M barrels lost weekly per Aramco warning. This represents the highest asymmetric opportunity in the energy sector.,0.65625,0.2,1005.58,"{""confidence"": 0.8, ""win_probability"": 0.75, ""expected_gain_pct"": 40.0, ""expected_loss_pct"": -15.0}",f
39,8f7d5db8-febf-47e4-ba37-59fabb25cd00,2026-05-18 14:02:26.43536+00,COGT,SELL,5,MARKET,FILLED,32.44,1.004332,88,"COGT has no revenue and continues to burn cash ($97M loss in Q1 2026). The thesis of clinical oncology pipeline value has not materialized, and the position has underperformed by -7.7%. With no near-term catalysts and 78 days until next earnings, there's no reason to hold this pure burn play. The position violates our principle of not holding companies without revenue.",-99.0500000000001,0,990.4,"{""confidence"": 0.95, ""win_probability"": 0.95, ""expected_gain_pct"": 0.01, ""expected_loss_pct"": -20.0}",f
40,267082d7-c06c-4caa-afe3-3414553592a1,2026-05-18 14:02:35.514117+00,PEW,BUY,67,MARKET,FAILED,,,92,"PEW trades at a 20% discount to cash ($2.905 vs $3.51 cash/share). With $106M cash vs $85M market cap, this represents a classic net-net value opportunity with strong downside protection. The business is growing 15% vs industry -10.6% decline, and $20M buyback is half executed. This is a high-conviction value play with asymmetric upside.",0.88,0.2,989.16,"{""confidence"": 0.95, ""win_probability"": 0.9, ""expected_gain_pct"": 25.0, ""expected_loss_pct"": -5.0}",f
41,db3b6217-fc20-45f7-9284-ed71891ca562,2026-05-18 14:02:44.795995+00,DMLP,SELL,7,MARKET,FILLED,27.5,1.005352,96,"DMLP represents 19.1% of portfolio, approaching our 20% maximum position size. Given the binary outcome risk from UK military mission to stabilize Hormuz shipping (which could reduce oil premium), trimming this position reduces concentration risk while maintaining oil leverage exposure. The thesis remains valid but the position size is excessive.",-449.3000000000001,0,989.16,"{""confidence"": 0.8, ""win_probability"": 0.7, ""expected_gain_pct"": 0.01, ""expected_loss_pct"": -15.0}",f
42,ad7c20ac-8a53-43d9-9913-033080802f55,2026-05-18 14:03:10.421676+00,PEW,BUY,66,MARKET,FAILED,,,100,"PEW trades at a 20% discount to cash ($2.905 vs $3.51 cash/share). With $106M cash vs $85M market cap, this represents a classic net-net value opportunity with strong downside protection. The business is growing 15% vs industry -10.6% decline, and $20M buyback is half executed. This is a high-conviction value play with asymmetric upside.",0.9416666666666667,0.2,985.06,"{""confidence"": 0.97, ""win_probability"": 0.95, ""expected_gain_pct"": 30.0, ""expected_loss_pct"": -5.0}",f
43,e7b743ab-f119-46d5-9bbd-63860976bede,2026-05-18 14:03:26.001635+00,PEW,BUY,66,MARKET,FAILED,,,104,"PEW trades at a 20% discount to cash ($2.905 vs $3.51 cash/share). With $106M cash vs $85M market cap, this represents a classic net-net value opportunity with strong downside protection. The business is growing 15% vs industry -10.6% decline, and $20M buyback is half executed. This is a high-conviction value play with asymmetric upside.",0.9416666666666667,0.2,985.06,"{""confidence"": 0.97, ""win_probability"": 0.95, ""expected_gain_pct"": 30.0, ""expected_loss_pct"": -5.0}",f
44,f51d60e0-3c36-4542-acec-7d39e7dc2669,2026-05-18 14:03:38.933918+00,POOL,BUY,1,MARKET,FILLED,175.98,1.000003,108,"POOL is a resilient consumer discretionary company in the pool products sector. Q1 2026 revenue $1.14B, net income $53.2M (EPS $1.46). The company has strong insider support with $7.67M in insider buying, indicating management confidence in the business. Trading at a reasonable valuation, this represents a quality value opportunity.",0.77,0.2,985.06,"{""confidence"": 0.9, ""win_probability"": 0.85, ""expected_gain_pct"": 15.0, ""expected_loss_pct"": -8.0}",f
45,2fdb4140-c3c0-464e-9092-f609d4b74e6d,2026-05-18 14:03:58.424874+00,RILY,BUY,5,MARKET,FAILED,,,112,"RILY is our top-performing position (+15% alpha) with strong fundamentals. Q1 2026 revenue $450.6M, net income $213.3M (EPS $6.98). This represents a quality business at a cheap valuation (P/E ~1.3x). Adding to our winner makes sense given its strong performance and fundamentals.",0.75,0.2,984.54,"{""confidence"": 0.9, ""win_probability"": 0.85, ""expected_gain_pct"": 15.0, ""expected_loss_pct"": -10.0}",f
46,45e24476-e3d5-4cac-b84d-9dbb0c0cf1d4,2026-05-18 14:04:11.348051+00,RILY,BUY,5,MARKET,FAILED,,,116,"RILY is our top-performing position (+15% alpha) with strong fundamentals. Q1 2026 revenue $450.6M, net income $213.3M (EPS $6.98). This represents a quality business at a cheap valuation (P/E ~1.3x). Adding to our winner makes sense given its strong performance and fundamentals.",0.75,0.2,984.54,"{""confidence"": 0.9, ""win_probability"": 0.85, ""expected_gain_pct"": 15.0, ""expected_loss_pct"": -10.0}",f
47,adba1cb9-d86a-4a3e-9589-6a9ea83cd2aa,2026-05-19 14:03:05.069337+00,AENT,SELL,9,MARKET,FILLED,6.4,0.578968,122,"AENT is the worst performer in the portfolio at -6.2% and represents 12.2% of portfolio value. Trimming this position reduces exposure to underperforming assets and frees capital for higher-conviction opportunities. The company's fundamentals show declining revenue and margins, justifying reduction.",-749.3000000000001,0,969.3,"{""confidence"": 0.8, ""win_probability"": 0.7, ""expected_gain_pct"": 0.01, ""expected_loss_pct"": -25.0}",f
48,872ef257-5f8f-44a4-8652-216a2c11ede1,2026-05-19 14:03:23.012403+00,PEW,BUY,48,MARKET,FAILED,,,126,"PEW trades at a 20% discount to cash ($2.89 vs $3.51 cash/share) with strong growth potential. The company is transitioning from losses to profitability, with revenue growing from $22.3M to $25.9M sequentially. Management is executing on growth initiatives including PEW Logistics for D2C fulfillment and targeting 3-4% market penetration of the $9B US firearms market.",0.58,0.2,969.3,"{""confidence"": 0.85, ""win_probability"": 0.7, ""expected_gain_pct"": 50.0, ""expected_loss_pct"": -20.0}",f
49,c174bd5e-85ec-4de5-864b-b44ffb5ca91d,2026-05-19 14:03:30.591782+00,OBE,BUY,7,MARKET,FILLED,13.045,0.913171,130,"OBE is a Canadian oil producer benefiting from Substack's bullish summer travel demand thesis and current geopolitical energy supply disruption. With oil at $110/barrel and Hormuz closure, OBE has strong EBITDA ($55.8M in Q1 2026) and is positioned to benefit from summer travel-related demand.",0.35833333333333334,0.17916666666666667,969.3,"{""confidence"": 0.8, ""win_probability"": 0.65, ""expected_gain_pct"": 30.0, ""expected_loss_pct"": -25.0}",f
50,fd1e6ae4-0385-4114-a9bd-cd4d659640ef,2026-05-19 14:03:55.002118+00,GPN,SELL,1,MARKET,FILLED,69.3,0.694626,134,"GPN is currently at 14.0% of portfolio weight, approaching the maximum position size limit of 20%. Trimming this position reduces concentration risk and frees capital for higher-conviction opportunities like PEW, while maintaining some exposure to the value opportunity.",-599.4,0,968.56,"{""confidence"": 0.7, ""win_probability"": 0.6, ""expected_gain_pct"": 0.01, ""expected_loss_pct"": -15.0}",f
51,3d5e5c59-4bbe-4b15-b697-9ef57beba12d,2026-05-19 14:04:10.123803+00,PEW,BUY,67,MARKET,FAILED,,,138,"PEW trades at a 20% discount to cash ($2.89 vs $3.51 cash/share) with strong growth potential. The company is transitioning from losses to profitability, with revenue growing from $22.3M to $25.9M sequentially. Management is executing on growth initiatives including PEW Logistics for D2C fulfillment and targeting 3-4% market penetration of the $9B US firearms market.",0.58,0.2,968.21,"{""confidence"": 0.85, ""win_probability"": 0.7, ""expected_gain_pct"": 50.0, ""expected_loss_pct"": -20.0}",f
52,246f9a17-8ff2-4111-a060-05c1811e6b10,2026-05-19 14:04:24.081506+00,PEW,BUY,67,MARKET,FAILED,,,142,"PEW trades at a 20% discount to cash ($2.89 vs $3.51 cash/share) with strong growth potential. The company is transitioning from losses to profitability, with revenue growing from $22.3M to $25.9M sequentially. Management is executing on growth initiatives including PEW Logistics for D2C fulfillment and targeting 3-4% market penetration of the $9B US firearms market.",0.58,0.2,968.21,"{""confidence"": 0.85, ""win_probability"": 0.7, ""expected_gain_pct"": 50.0, ""expected_loss_pct"": -20.0}",f
53,ce9a0ee0-8c36-4d28-a453-93a447f46261,2026-05-20 14:01:16.971415+00,PEW,BUY,70,MARKET,FAILED,,,148,"PEW trades at $2.73/share with $3.51 cash per share (20% discount to cash), $106.4M cash, $29.7M debt, and solid growth (25.9M revenue in Q1 2026). This represents an exceptional net-net value opportunity with built-in downside protection. The company is well-positioned in the firearms retail sector with growing revenue and strong cash flow.",0.7857142857142857,0.2,969.43,"{""confidence"": 0.95, ""win_probability"": 0.85, ""expected_gain_pct"": 35.0, ""expected_loss_pct"": -15.0}",f
54,ffb2320a-8b87-4836-ad5c-1347e69245cc,2026-05-20 14:01:31.196773+00,OBE,BUY,2,MARKET,FILLED,12.88,0.257606,152,"OBE is a Canadian oil producer trading at $12.85 with strong Q1 2026 fundamentals: $151.4M revenue, $29.6M operating income, $263.6M cash. Substack consistently recommends holding OBE as 'the most shorted oil producer' with GME-like short squeeze potential. The company benefits from oil prices at $110/barrel and upcoming summer travel demand, which should boost demand for oil and gas.",0.63,0.2,969.43,"{""confidence"": 0.9, ""win_probability"": 0.75, ""expected_gain_pct"": 25.0, ""expected_loss_pct"": -12.0}",f
55,425afda4-8d27-42c5-8300-0a152d24baf1,2026-05-20 14:01:53.506604+00,RILY,BUY,10,MARKET,FAILED,,,156,"RILY is our strongest performer (+21.9% vs portfolio) with exceptional Q1 2026 results: $450.6M revenue, $253.6M operating income, and $213.3M net income. The company is executing exceptionally well on its business model and represents a high-quality growth opportunity. Adding to this position increases our exposure to a proven winner while deploying cash to address the portfolio's -10.31% alpha underperformance.",0.7,0.2,969.19,"{""confidence"": 0.95, ""win_probability"": 0.8, ""expected_gain_pct"": 20.0, ""expected_loss_pct"": -10.0}",f
56,a8fa4a89-d881-4fae-a218-9fd1929ce074,2026-05-20 14:02:09.180702+00,GPN,BUY,1,MARKET,FILLED,68.67,0.686703,160,GPN is a high-quality value stock trading at 5x P/E with $2.97B Q1 revenue and $6.5B buyback program. The company has strong fundamentals and represents a compelling deep value opportunity. Adding to this position aligns with our value investing thesis and deploys cash to address the portfolio's -10.31% alpha underperformance.,0.55,0.2,969.19,"{""confidence"": 0.85, ""win_probability"": 0.7, ""expected_gain_pct"": 30.0, ""expected_loss_pct"": -15.0}",f
57,e47ab52f-268b-42db-9d42-31a6638b657c,2026-05-20 14:03:10.124973+00,DMLP,BUY,5,MARKET,FILLED,28.715,1.000015,166,"DMLP is a zero-capex oil/gas royalty LP with $129.7M TTM FCF, net cash position, and direct upside leverage to oil prices. The Hormuz closure from the Iran war is a structural supply disruption that elevates WTI well above the $55 falsification floor. Every $10/bbl oil increase adds ~$13M annual FCF. With oil at $110/barrel and ongoing geopolitical tensions, this represents a high-conviction oil leverage opportunity.",0.65,0.2,968.26,"{""confidence"": 0.9, ""win_probability"": 0.75, ""expected_gain_pct"": 30.0, ""expected_loss_pct"": -12.0}",f
58,3ba691f1-4ba1-46a3-9f83-930eda40e14b,2026-05-21 16:04:37.903019+00,AENT,SELL,6,MARKET,FILLED,5.715,0.344794,172,"Trimming 6 shares of AENT (67% of position) to raise meaningful cash for portfolio optimization. Portfolio in crisis with -11.26% alpha underperformance, minimal cash (2.3%) limiting deployment. Need sufficient cash to deploy to higher-conviction opportunities.",-1.1102230246251565e-16,0,970.71,"{""confidence"": 0.7, ""win_probability"": 0.6, ""expected_gain_pct"": 2.0, ""expected_loss_pct"": -3.0}",f
59,e964dd4f-37eb-4f7d-b199-b6cfb7c00893,2026-05-21 16:05:14.803616+00,OBE,SELL,4,MARKET,FILLED,12.66,0.508235,176,Trimming 4 shares of OBE to reduce portfolio concentration from 19.7% toward target ~12.5%. Portfolio in crisis with -11.26% alpha underperformance requires rebalancing. Geopolitical de-escalation (Iran strike called off) may pressure oil premium. Cash raised can be deployed to other opportunities.,-1.1102230246251565e-16,0,967.26,"{""confidence"": 0.7, ""win_probability"": 0.6, ""expected_gain_pct"": 2.0, ""expected_loss_pct"": -3.0}",f
60,353f9af7-0fed-4555-a6ec-249c1cc8b836,2026-05-25 14:01:22.784921+00,AENT,SELL,3,MARKET,PENDING,,,182,"AENT position has breached its $5.95 stop-loss ($6.16 current price), triggering CODE RED protocol. The position is also a stub at only 1.9% of portfolio, below the 5% minimum meaningful size. No earnings date has been confirmed despite multiple checks, creating uncertainty for position management. With the portfolio in crisis (-12.53% alpha underperformance vs SPY), capital should be redeployed to higher-conviction opportunities. Selling AENT frees up $18.48 for redeployment to addresses the portfolio crisis.",-201.65,0,981.51,"{""confidence"": 0.85, ""win_probability"": 0.85, ""expected_gain_pct"": 0.01, ""expected_loss_pct"": -13.5}",f
61,60222a57-a6c4-4f28-a486-684225b03e78,2026-05-25 14:01:49.67419+00,AENT,SELL,3,MARKET,FAILED,,,186,"AENT position has breached its $5.95 stop-loss ($6.16 current price), triggering CODE RED protocol. The position is also a stub at only 1.9% of portfolio, below the 5% minimum meaningful size. No earnings date has been confirmed despite multiple checks, creating uncertainty for position management. With the portfolio in crisis (-12.53% alpha underperformance vs SPY), capital should be redeployed to higher-conviction opportunities. Selling AENT frees up $18.48 for redeployment to addresses the portfolio crisis.",-201.65,0,981.51,"{""confidence"": 0.85, ""win_probability"": 0.85, ""expected_gain_pct"": 0.01, ""expected_loss_pct"": -13.5}",f
62,daa16030-0fdf-4de6-88a3-1bdd26a31a78,2026-05-25 14:02:12.770181+00,AENT,SELL,3,MARKET,FAILED,,,190,"AENT is a stub position at only 1.9% of portfolio value, below the 5% minimum meaningful size requirement. Stub positions do not justify monitoring cost and waste attention that should be focused on higher-conviction opportunities. With the portfolio in crisis (-12.53% alpha underperformance vs SPY), capital should be redeployed to higher-conviction opportunities. Selling AENT frees up $18.48 for redeployment to address the portfolio crisis.",-336.75,0,981.51,"{""confidence"": 0.75, ""win_probability"": 0.75, ""expected_gain_pct"": 0.01, ""expected_loss_pct"": -13.5}",f
63,1862d262-3abc-4851-9556-d33fb2b0fd89,2026-05-26 14:01:51.696869+00,AENT,SELL,3,MARKET,FAILED,,,196,"AENT is a stub position at 1.9% (below 5% minimum threshold) and is approaching its stop-loss of $5.95 ($6.485 current price is only $0.535 above stop). The position is too small to justify monitoring cost while approaching a critical threshold. With no earnings date found in system and the portfolio crisis requiring urgent optimization, selling this stub position frees up capital for higher-conviction opportunities and eliminates a monitoring burden.",0.625,0.2,986.16,"{""confidence"": 0.9, ""win_probability"": 0.85, ""expected_gain_pct"": 10.0, ""expected_loss_pct"": -15.0}",f
64,20889e5d-9ee5-4543-b182-2bffe51da133,2026-05-26 14:02:00.632276+00,DMLP,SELL,5,MARKET,FILLED,27.62,1.003835,200,"DMLP's oil leverage thesis is being materially undermined by Trump's announcement that the Strait of Hormuz deal is 'largely negotiated.' This represents a fundamental shift in the investment thesis, not just price movement. The core catalyst for DMLP's valuation premium (oil conflict risk) is being removed. Market implications: Oil premium compression likely, pressure on energy stocks with conflict premium exposure. With the portfolio overweight in energy (27.6% combined OBE+DMLP), reducing this position addresses sector concentration risk.",-3,0,986.16,"{""confidence"": 0.85, ""win_probability"": 0.2, ""expected_gain_pct"": 5.0, ""expected_loss_pct"": -20.0}",f
65,d8be5d5e-f6c5-4dcb-9a81-6c77c0be0eb8,2026-05-26 14:02:08.107622+00,OBE,SELL,11,MARKET,FILLED,11.82,1.004856,204,"OBE's summer travel thesis remains but faces significant headwind from the Strait of Hormuz reopening, which would pressure oil premium and create a lower oil price environment. The portfolio is overweight energy (27.6% combined OBE+DMLP) and faces geopolitical uncertainty. With RILY as the sole strong performer, reducing energy concentration improves portfolio diversification and risk management.",-1.8875,0,987.25,"{""confidence"": 0.8, ""win_probability"": 0.3, ""expected_gain_pct"": 8.0, ""expected_loss_pct"": -25.0}",f
66,93cece78-faa5-407d-85ce-282a482efbd7,2026-05-26 14:02:15.71103+00,SBLK,BUY,7,MARKET,FILLED,27.1485,1.000021,208,"SBLK is the top watchlist candidate from Yellowbrick - Star Bulk Carriers with 145-vessel dry bulk fleet, scrap value $975M > gross debt $951M, high operating leverage. This provides perfect portfolio diversification away from energy exposure and geopolitical risk. With the Strait of Hormuz reopening, shipping sector could benefit from increased trade flows. Current portfolio needs sector diversification away from oil exposure.",0.65,0.2,986.77,"{""confidence"": 0.85, ""win_probability"": 0.75, ""expected_gain_pct"": 30.0, ""expected_loss_pct"": -12.0}",f
67,2d4c0f4b-3f20-4aa7-bb2e-60486d3f026f,2026-05-26 14:02:40.27167+00,BRCB,BUY,25,MARKET,FAILED,,,212,BRCB shows strong fundamentals with $55.5M Q1 2026 revenue and improving profitability. The massive insider buying ($73.3M by 3 insiders) indicates exceptional institutional conviction. This provides diversification away from energy exposure and represents a high-conviction opportunity that fits within available capital constraints.,0.72,0.2,986.14,"{""confidence"": 0.85, ""win_probability"": 0.8, ""expected_gain_pct"": 25.0, ""expected_loss_pct"": -10.0}",f
68,308b94db-e9fc-4ebd-b493-4756bb1e3cb4,2026-05-27 14:02:12.826473+00,ESTA,BUY,2,MARKET,FILLED,73.87,1.000006,218,ESTA represents healthcare diversification with strong Ozempic tailwind catalyst and FDA approval catalyst. Current valuation discount provides attractive risk/reward. Portfolio needs sector diversification beyond energy exposure.,0.5227272727272727,0.2,986.14,"{""confidence"": 0.7, ""win_probability"": 0.65, ""expected_gain_pct"": 55.0, ""expected_loss_pct"": -20.0}",f
69,40cb01ed-dc9c-4b24-834b-02b9670fb68e,2026-05-27 14:03:33.49596+00,DNA,BUY,5,MARKET,FILLED,8.915,0.445765,226,DNA represents healthcare/biotech exposure with potential upside from synthetic biology platform. Current valuation appears reasonable given growth potential and market divergence creates opportunity.,0.35,0.175,983.93,"{""confidence"": 0.65, ""win_probability"": 0.6, ""expected_gain_pct"": 40.0, ""expected_loss_pct"": -25.0}",f
70,c6deae03-ea36-4842-9b2e-5fad80e1a226,2026-05-28 14:02:50.064635+00,ESTA,SELL,2,MARKET,FILLED,71.93,1.00336,232,"ESTA has breached its stop-loss of $180.00, with current price at $71.995. The stop-loss breach triggers the default action to sell unless overwhelming new fundamental evidence is found. No such evidence has been identified in current analysis. The updated thesis indicates the FDA approval catalyst has not materialized as expected, invalidating the original investment premise.",-74.15000000000002,0,970.26,"{""confidence"": 0.95, ""win_probability"": 0.85, ""expected_gain_pct"": 0.01, ""expected_loss_pct"": -5.0}",f
71,9bdd2480-70a4-43d0-af92-55a530e98e93,2026-05-28 14:03:03.495587+00,DNA,SELL,5,MARKET,FILLED,9.07,0.455424,236,"DNA is a stub position at 4.5% of the portfolio, below the 5% minimum threshold. Stub positions below 5% do not justify monitoring cost and should be exited to free up capital for more promising opportunities. The portfolio needs optimization to address the -11.0% underperformance crisis.",-59.300000000000004,0,968.44,"{""confidence"": 0.85, ""win_probability"": 0.7, ""expected_gain_pct"": 0.01, ""expected_loss_pct"": -2.0}",f
72,d67cbb46-e6e9-472f-9761-6dba04027731,2026-05-28 14:03:29.535473+00,RILY,SELL,3,MARKET,FILLED,10.64,0.320452,240,"RILY has performed exceptionally well (+37.7%), representing 11.0% of the portfolio. To address the portfolio's -11.0% underperformance crisis, we need to deploy capital into new opportunities like VISN and OSB. Trimming 3 shares of RILY will free up approximately $32 to fund these new positions while maintaining a meaningful RILY position.",-119.40000000000002,0,967.59,"{""confidence"": 0.8, ""win_probability"": 0.6, ""expected_gain_pct"": 0.01, ""expected_loss_pct"": -3.0}",f
73,d1be0042-a3b7-4202-8dd9-700830c5319e,2026-05-28 14:03:43.594681+00,VISN,BUY,14,MARKET,FILLED,12.338,1.000042,244,"VISN is trading at $12.32, well below its $14 target price from Substack. The company is a communications infrastructure provider with strong fundamentals ($471.8M revenue in Q1 2026) and benefits from the DOCSIS 4.0 upgrade tailwind. This represents an attractive entry point with asymmetric risk/reward.",0.6594202898550725,0.2,967.46,"{""confidence"": 0.85, ""win_probability"": 0.75, ""expected_gain_pct"": 13.8, ""expected_loss_pct"": -5.0}",f
74,29a6811a-76d2-4ab5-9ea0-cc5e73a72510,2026-05-29 14:02:38.023857+00,VISN,SELL,3,MARKET,FILLED,12.4407,0.374584,250,VISN is our second largest position at 18.0% of portfolio and has concerning financials with negative $1.5B net income in Q1 2026. We need to reduce concentration and address the fundamental weakness while raising cash for better opportunities.,0.20000000000000018,0.10000000000000009,966.31,"{""confidence"": 0.8, ""win_probability"": 0.8, ""expected_gain_pct"": 2.0, ""expected_loss_pct"": -6.0}",f
75,7912994f-9e69-42d3-9b26-55ed34300fec,2026-05-29 14:03:09.648556+00,SBLK,SELL,1,MARKET,FILLED,26.9412,0.270165,254,"SBLK is our largest position at 19.6% of portfolio, exceeding our 20% maximum but violating our target of ~12.5%. We need to reduce concentration for risk management while maintaining our thesis that SBLK benefits from global trade normalization and shipping demand.",0.55,0.2,962.52,"{""confidence"": 0.85, ""win_probability"": 0.85, ""expected_gain_pct"": 2.5, ""expected_loss_pct"": -5.0}",f
76,796ecbee-b9ca-49ca-be5c-bb89c569b9de,2026-05-29 14:03:45.559849+00,ROCK,BUY,2,MARKET,FILLED,39.42,0.788406,258,"ROCK has strong fundamentals with 12% revenue growth, margin expansion, and raised guidance. The substack $100 target represents 2.5x upside and is confirmed by the research showing sustained demand in solar and construction end-markets. We're buying 2 shares to establish a meaningful position while maintaining risk management discipline.",0.65,0.2,962.65,"{""confidence"": 0.85, ""win_probability"": 0.75, ""expected_gain_pct"": 25.0, ""expected_loss_pct"": -10.0}",f
77,409f5a76-39a9-48f3-80ee-363b96bfd234,2026-06-02 14:02:52.251514+00,RILY,SELL,3,MARKET,FILLED,9.745,0.293546,264,"RILY has performed exceptionally well (+26.0% unrealized PnL) and represents the largest source of portfolio alpha. Selling 3 shares (42.9% of position) will generate approximately $29.31 in cash, increasing portfolio cash from 3.8% to ~7.0% and reducing concentration risk while maintaining exposure to this strong performer. This aligns with the portfolio rebalancing imperative and meets the minimum trade size requirement.",0.52,0.2,961.91,"{""confidence"": 0.8, ""win_probability"": 0.7, ""expected_gain_pct"": 25.0, ""expected_loss_pct"": -15.0}",f
78,5cb43963-fe22-4882-b18f-d5b1d2897310,2026-06-02 14:03:00.620884+00,ROCK,SELL,1,MARKET,FILLED,38.13,0.382283,268,"ROCK has declined -4.1% from entry price ($39.81 to $38.16) and the Substack $100 target remains valid but distant. With 6 positions lacking formal theses and critical cash constraints, selling 1 share (50% of position) will generate $38.16 in cash, increasing portfolio cash to ~11.0% and addressing the discipline violation. This is a tactical cash generation move, not thesis invalidation, as the $100 target remains intact.",-1,0,956.16,"{""confidence"": 0.7, ""win_probability"": 0.6, ""expected_gain_pct"": 5.0, ""expected_loss_pct"": -20.0}",f
79,4992a8cf-965c-4833-9680-387877016578,2026-06-02 14:03:08.551738+00,SBLK,SELL,1,MARKET,FILLED,27.6315,0.277082,272,"SBLK has performed moderately well (+1.6% unrealized PnL) and is our second largest position at 17.5% of portfolio. Selling 1 share (16.7% of position) will generate approximately $27.73 in cash, increasing portfolio cash to ~13.5% and reducing concentration risk. This addresses the portfolio rebalancing imperative while maintaining exposure to this core holding.",0.125,0.0625,955.79,"{""confidence"": 0.75, ""win_probability"": 0.65, ""expected_gain_pct"": 10.0, ""expected_loss_pct"": -15.0}",f
80,d06b8b54-3a7b-4f42-a2ca-ed2836a5c980,2026-06-03 14:01:50.045559+00,RLI,BUY,2,MARKET,FILLED,51,1.000006,278,"RLI represents a high-conviction insurance sector rotation opportunity with strong fundamentals. Trading at $51.005 with Q1 2026 net income of $54.89M and $0.60 EPS, RLI shows consistent profitability in the property & casualty insurance space. With a low beta (0.383) and $4.66 dividend, it provides defensive characteristics while benefiting from sector rotation signals. The recent $859K insider buying cluster confirms management's confidence in the company's prospects.",0.5399999999999999,0.2,934.82,"{""confidence"": 0.75, ""win_probability"": 0.7, ""expected_gain_pct"": 15.0, ""expected_loss_pct"": -8.0}",f
81,9d6f46a5-da46-45e6-bc23-90e3434b1e04,2026-06-03 14:02:17.989997+00,ROCK,SELL,1,MARKET,FILLED,37.68,0.377774,282,"ROCK requires thesis review and position size adjustment. Currently at 3.9% of portfolio (below 5% minimum), it's a stub position that doesn't justify monitoring cost. The $39.81 entry price is above current $37.98 price (-4.7% decline), but with strong insider buying ($1.56M by 4 insiders) and Substack $100 target (2.5x upside), the thesis remains intact. Selling 1 share reduces the position to 2 shares while maintaining exposure to the solar construction thesis.",0.28,0.14,933.27,"{""confidence"": 0.6, ""win_probability"": 0.55, ""expected_gain_pct"": 20.0, ""expected_loss_pct"": -12.0}",f
82,fe4f677f-a7d4-47e2-83ec-8d524a0daa76,2026-06-03 14:02:26.672971+00,POOL,SELL,1,MARKET,FILLED,179.109,1.003888,286,"POOL is the largest portfolio position at 18.8% and requires risk management. With +1.4% performance and unknown earnings date, selling 1 share reduces concentration while generating cash. The cash will be redeployed to higher-conviction opportunities aligned with current geopolitical risks (energy) and sector rotation (insurance). This addresses both cash constraint and position sizing discipline.",0.2649999999999999,0.13249999999999995,932.91,"{""confidence"": 0.62, ""win_probability"": 0.58, ""expected_gain_pct"": 8.0, ""expected_loss_pct"": -6.0}",f
83,ab7253ef-7bb3-46d7-8c50-a18a83ec84a6,2026-06-03 14:02:43.696662+00,RILY,SELL,4,MARKET,FILLED,9.905,0.397808,290,"RILY is currently a stub position at 4.1% of portfolio (below 5% minimum), requiring exit to eliminate monitoring cost. With +27.0% performance, exiting the full position locks in gains and generates cash for higher-conviction opportunities. The position has unknown earnings risk, making full exit the appropriate risk management action.",0.33333333333333326,0.16666666666666663,931.31,"{""confidence"": 0.65, ""win_probability"": 0.6, ""expected_gain_pct"": 12.0, ""expected_loss_pct"": -8.0}",f
84,c5e7629d-34f7-4e69-b437-969b5bf80ef0,2026-06-03 14:02:51.291723+00,GRNT,BUY,37,MARKET,FILLED,5.005,1.000111,294,"GRNT presents a high-conviction energy opportunity aligned with current US-Iran geopolitical tensions. With $919K insider buying by 6 insiders at $5.36, the stock is currently trading at $4.995 (6.8% below insider purchase price), creating an attractive entry point. The company operates in oil & gas exploration with exposure to potential oil price premiums from Middle East tensions. GRNT has a low beta (0.228) and strong insider conviction, making it a defensive energy play with asymmetric upside.",0.51,0.2,931.46,"{""confidence"": 0.7, ""win_probability"": 0.65, ""expected_gain_pct"": 25.0, ""expected_loss_pct"": -10.0}",f
85,2fb7fde0-8021-45f1-a8f7-57c9d15a18db,2026-06-08 14:02:59.532147+00,GRNT,SELL,37,MARKET,FILLED,4.925,1.01108,300,"GRNT faces substantial doubt about its ability to continue as a going concern with high debt maturity risk in 2027 and recent auditor change. In the current extreme geopolitical environment with Strait of Hormuz blockade likely to cause oil price volatility and credit market stress, GRNT's high leverage makes it extremely vulnerable. The stock is trading at $4.92, down 2.2% from our cost basis, and the going-concern warning represents an existential risk that violates our risk management principles.",-174.05000000000015,0,930.54,"{""confidence"": 0.9, ""win_probability"": 0.95, ""expected_gain_pct"": 0.01, ""expected_loss_pct"": -35.0}",f
86,f58a5e62-0dff-46a4-badb-152964808e7a,2026-06-08 14:03:13.213417+00,SBLK,SELL,5,MARKET,FILLED,26.73,1.003743,304,"SBLK faces existential risk from the Strait of Hormuz blockade threat. With Iran threatening to completely block this critical oil chokepoint and US-Iran military escalation continuing, shipping routes are at extreme risk. News reports confirm shipping traffic has dropped to 36 ships/week from 130/day pre-war. SBLK's business model depends on global trade routes, and a complete Hormuz blockade would severely impact its operations. The stock is down 2.2% to $26.69 and the geopolitical risk has moved from potential to highly probable.",-249.0500000000002,0,921.96,"{""confidence"": 0.92, ""win_probability"": 0.95, ""expected_gain_pct"": 0.01, ""expected_loss_pct"": -50.0}",f
87,f984ea84-e288-43cf-860b-7473e936c399,2026-06-09 14:02:29.728241+00,SU,BUY,1,MARKET,FILLED,61.84,0.618403,310,"SU is Canada's largest integrated energy company with direct exposure to oil price increases. With US-Iran conflict escalating at the Strait of Hormuz (20% of global oil supply), oil prices are likely to spike. SU has strong fundamentals: $15.4B Q1 revenue, $2.9B operating income, $2.1B net income, and $4.76B EBITDA. Trading at ~4.8x revenue is reasonable for integrated energy. This positions the portfolio for geopolitical tailwinds while maintaining quality.",0.5714285714285714,0.2,920.88,"{""confidence"": 0.75, ""win_probability"": 0.7, ""expected_gain_pct"": 35.0, ""expected_loss_pct"": -15.0}",f
88,9b53db9b-e33e-4687-a4e1-ec19a097340a,2026-06-10 14:02:54.415439+00,OBE,BUY,8,MARKET,FILLED,11.058,0.884664,316,"OBE is a pure-play Canadian oil producer with strong fundamentals and direct exposure to oil price movements. With Iran-Israel missile exchanges escalating and Strait of Hormuz risk elevated, oil prices have significant upside potential. OBE's current price of $11.07 offers compelling entry point relative to $14.00 target price (26.5% upside) with $9.00 stop loss (18.7% downside). This provides asymmetric risk/reward profile perfectly aligned with our geopolitical energy theme.",0.48830188679245273,0.2,927.52,"{""confidence"": 0.75, ""win_probability"": 0.7, ""expected_gain_pct"": 26.5, ""expected_loss_pct"": -18.7}",f
89,9c3f97cb-ec1c-4bb0-a035-ceadfeca67be,2026-06-11 14:02:03.500403+00,GPN,SELL,2,MARKET,FILLED,62.925,1.002989,322,"GPN's Q1 2026 results show catastrophic net income of -$1.8B despite $2.97B revenue, indicating serious accounting or operational issues that invalidate the original thesis. This fundamental deterioration makes the position unacceptable to hold, failing the 'would I buy today' test at current price ($62.65).",-599.3000000000001,0,914,"{""confidence"": 0.8, ""win_probability"": 0.7, ""expected_gain_pct"": 0.01, ""expected_loss_pct"": -20.0}",f
90,d07f5395-bbec-45d3-a885-c9e06972d2df,2026-06-11 14:02:12.754107+00,VISN,SELL,5,MARKET,FILLED,12.215,0.612998,326,"VISN's Q1 2026 shows -$1.5B net loss despite $471.8M revenue, suggesting accounting issues. Current price ($12.205) is approaching the updated $13.5 target, and with the thesis weakened and financial concerns, trimming 45% of the position is appropriate risk management.",-0.05,0,914.4,"{""confidence"": 0.75, ""win_probability"": 0.65, ""expected_gain_pct"": 5.0, ""expected_loss_pct"": -10.0}",f
91,bcc9bb23-786e-423d-987b-aa6fe1dff2fd,2026-06-11 14:02:28.813774+00,BUR,SELL,32,MARKET,FILLED,4.222,1.009119,330,"BUR's financials show consistent deterioration with negative operating income (-$53.7M) and net losses in recent quarters. Q4 2025 results show -$53.7M operating income and -$37.5M net income, indicating fundamental issues beyond market sentiment. The original thesis about strong risk-adjusted returns is invalidated by this financial data.",-374.25,0,913.71,"{""confidence"": 0.85, ""win_probability"": 0.75, ""expected_gain_pct"": 0.01, ""expected_loss_pct"": -15.0}",f
92,6c5e4c0a-67b8-471c-9c69-4fe02bf961ab,2026-06-15 14:01:47.575618+00,SU,SELL,1,MARKET,FILLED,58.65,0.590906,336,"Geopolitical thesis weakened by conflicting Iran peace deal signals (Trump claims deal Sunday but CNBC reports deal in question as Israel strikes Lebanon). Updated thesis has decreased conviction and lowered target ($70 from $75). Current price ($58.55) is very close to new stop-loss ($57.5), making position highly vulnerable. With unknown earnings date (violates 7-day rule) and -7.9% unrealized loss, risk/reward is unfavorable. Full exit frees capital for higher-conviction opportunities.",-275.85,0,907.25,"{""confidence"": 0.75, ""win_probability"": 0.65, ""expected_gain_pct"": 0.01, ""expected_loss_pct"": -7.9}",f
93,40a6cb40-3f29-44db-8174-1355387c8614,2026-06-15 14:02:07.260799+00,OBE,SELL,8,MARKET,FILLED,10.4052,0.835715,340,"Geopolitical thesis significantly weakened by conflicting Iran peace deal signals (Trump claims deal Sunday but CNBC reports deal in question as Israel strikes Lebanon). Updated thesis has decreased conviction and lowered target ($13.5 from $15). With unknown earnings date (violates 7-day rule) and -7.1% unrealized loss, risk/reward is unfavorable. Full exit frees capital for higher-conviction opportunities that meet commission requirements.",-212.3,0,906.82,"{""confidence"": 0.8, ""win_probability"": 0.7, ""expected_gain_pct"": 0.01, ""expected_loss_pct"": -7.1}",f
94,dc90b1c1-d53a-495e-ab8b-8354ada963d5,2026-06-15 14:02:34.359741+00,MOBI,BUY,10,MARKET,FAILED,,,344,"MOBI has massive insider buying ($19.1M by 7 insiders) at $14.99, representing 30% upside from current price of $11.50. This is a strong signal of insider confidence in the company's prospects. As a medical device company, MOBI benefits from the growing healthcare technology sector. A 10-share position ($115) keeps commission drag at 1.74%, well within our 5% threshold.",0.625,0.2,905.96,"{""confidence"": 0.85, ""win_probability"": 0.75, ""expected_gain_pct"": 30.0, ""expected_loss_pct"": -15.0}",f
95,e4c6c5d9-8b78-4085-b017-1f3515ab51d4,2026-06-15 14:02:52.4135+00,BETR,BUY,5,MARKET,FAILED,,,348,"BETR has massive insider buying ($8.4M by 5 insiders) at $29.46, and is currently trading at $29.89, showing strong insider confidence. The stock is up 12.75% today, indicating positive market sentiment. A 5-share position ($149.45) keeps commission drag at 1.34%, well within our 5% threshold.",0.5559999999999999,0.2,905.96,"{""confidence"": 0.8, ""win_probability"": 0.7, ""expected_gain_pct"": 25.0, ""expected_loss_pct"": -12.0}",f
96,f986038c-5bc4-486c-b1a4-ae7ebe445de2,2026-06-15 14:03:11.57854+00,SMMT,BUY,10,MARKET,FILLED,14.00964,1.00003,352,"SMMT has massive insider buying ($100.7M by 3 insiders) at $13.13, and is currently trading at $14.01, showing strong insider confidence. The stock is up 0.000016% today, suggesting the market hasn't yet priced in this insider confidence. A 10-share position ($140.10) keeps commission drag at 1.43%, well within our 5% threshold.",0.5625,0.2,905.96,"{""confidence"": 0.9, ""win_probability"": 0.75, ""expected_gain_pct"": 20.0, ""expected_loss_pct"": -15.0}",f
97,a834d138-a6ea-45b8-af0a-21968974bb46,2026-06-16 14:01:53.506233+00,OBE,BUY,3,MARKET,FILLED,10.3,0.309009,358,"OBE is a pure-play Canadian oil producer with strong Q1 2026 operating income ($29.6M) despite net losses due to non-operating expenses. With ongoing Iran tensions, US military action against oil tankers, and UK seizure of Russian shadow tanker, oil supply disruptions are real and continuing. OBE's valuation appears attractive relative to peers, and it would provide direct exposure to oil price upside from continued geopolitical risk premium. The current price of $10.27 is below its 52-week high of $14.59, providing a margin of safety.",0.44,0.2,902.58,"{""confidence"": 0.75, ""win_probability"": 0.65, ""expected_gain_pct"": 25.0, ""expected_loss_pct"": -15.0}",f
